rows,start,end,gaps,zero_volume,symbol,tf
2463,2020-01-01 00:00:00,2026-09-28 00:00:00,0,0,BTCUSDT,1d
2463,2020-01-01 00:00:00,2026-09-28 00:00:00,0,0,ETHUSDT,1d
2201,2020-09-14 00:00:00,2026-09-28 00:00:00,2,0,SOLUSDT,1d
2453,2020-01-06 00:00:00,2026-09-28 00:00:00,2,0,XRPUSDT,1d
2272,2020-07-10 00:00:00,2026-09-28 00:00:00,0,0,DOGEUSDT,1d
2423,2020-02-10 00:00:00,2026-09-28 00:00:00,0,0,BNBUSDT,1d
2170,2020-10-15 00:00:00,2026-09-28 00:00:00,2,0,NEARUSDT,1d
2202,2020-09-18 00:00:00,2026-09-28 00:00:00,0,0,UNIUSDT,1d
2433,2020-01-31 00:00:00,2026-09-28 00:00:00,0,0,ADAUSDT,1d
2447,2020-01-17 00:00:00,2026-09-28 00:00:00,0,0,LINKUSDT,1d
2197,2020-09-23 00:00:00,2026-09-28 00:00:00,0,0,AVAXUSDT,1d
2463,2020-01-01 00:00:00,2026-09-28 00:00:00,0,0,BCHUSDT,1d
2174,2020-10-16 00:00:00,2026-09-28 00:00:00,0,0,AAVEUSDT,1d
2169,2020-10-16 00:00:00,2026-09-28 00:00:00,2,0,FILUSDT,1d
2450,2020-01-09 00:00:00,2026-09-28 00:00:00,2,0,LTCUSDT,1d
2439,2020-01-20 00:00:00,2026-09-28 00:00:00,2,0,XLMUSDT,1d
2229,2020-08-22 00:00:00,2026-09-28 00:00:00,0,0,DOTUSDT,1d
1968,2021-05-10 00:00:00,2026-09-28 00:00:00,0,0,1000SHIBUSDT,1d
2444,2020-01-15 00:00:00,2026-09-28 00:00:00,2,0,TRXUSDT,1d
2017,2021-03-17 00:00:00,2026-09-28 00:00:00,2,0,HBARUSDT,1d
1243,2023-05-05 00:00:00,2026-09-28 00:00:00,0,0,1000PEPEUSDT,1d
1245,2023-05-03 00:00:00,2026-09-28 00:00:00,0,0,SUIUSDT,1d
910,2024-04-02 00:00:00,2026-09-28 00:00:00,0,0,ENAUSDT,1d
1163,2023-07-24 00:00:00,2026-09-28 00:00:00,0,0,WLDUSDT,1d
901,2024-04-11 00:00:00,2026-09-28 00:00:00,0,0,TAOUSDT,1d
1286,2023-03-23 00:00:00,2026-09-28 00:00:00,0,0,ARBUSDT,1d
59112,2020-01-01 00:00:00,2026-09-28 23:00:00,0,1,BTCUSDT,1h
59112,2020-01-01 00:00:00,2026-09-28 23:00:00,0,1,ETHUSDT,1h
52817,2020-09-14 07:00:00,2026-09-28 23:00:00,2,1,SOLUSDT,1h
58864,2020-01-06 08:00:00,2026-09-28 23:00:00,2,1,XRPUSDT,1h
54519,2020-07-10 09:00:00,2026-09-28 23:00:00,0,1,DOGEUSDT,1h
58144,2020-02-10 08:00:00,2026-09-28 23:00:00,0,1,BNBUSDT,1h
52072,2020-10-15 08:00:00,2026-09-28 23:00:00,2,1,NEARUSDT,1h
52841,2020-09-18 07:00:00,2026-09-28 23:00:00,0,1,UNIUSDT,1h
58384,2020-01-31 08:00:00,2026-09-28 23:00:00,0,1,ADAUSDT,1h
58720,2020-01-17 08:00:00,2026-09-28 23:00:00,0,1,LINKUSDT,1h
52721,2020-09-23 07:00:00,2026-09-28 23:00:00,0,1,AVAXUSDT,1h
59112,2020-01-01 00:00:00,2026-09-28 23:00:00,0,1,BCHUSDT,1h
52169,2020-10-16 07:00:00,2026-09-28 23:00:00,0,1,AAVEUSDT,1h
52050,2020-10-16 06:00:00,2026-09-28 23:00:00,2,1,FILUSDT,1h
58792,2020-01-09 08:00:00,2026-09-28 23:00:00,2,1,LTCUSDT,1h
58528,2020-01-20 08:00:00,2026-09-28 23:00:00,2,1,XLMUSDT,1h
53489,2020-08-22 07:00:00,2026-09-28 23:00:00,0,1,DOTUSDT,1h
47215,2021-05-10 17:00:00,2026-09-28 23:00:00,0,1,1000SHIBUSDT,1h
58648,2020-01-15 08:00:00,2026-09-28 23:00:00,2,1,TRXUSDT,1h
48401,2021-03-17 07:00:00,2026-09-28 23:00:00,2,1,HBARUSDT,1h
29816,2023-05-05 16:00:00,2026-09-28 23:00:00,0,1,1000PEPEUSDT,1h
29864,2023-05-03 16:00:00,2026-09-28 23:00:00,0,1,SUIUSDT,1h
21828,2024-04-02 12:00:00,2026-09-28 23:00:00,0,1,ENAUSDT,1h
27900,2023-07-24 12:00:00,2026-09-28 23:00:00,0,1,WLDUSDT,1h
21610,2024-04-11 14:00:00,2026-09-28 23:00:00,0,1,TAOUSDT,1h
30849,2023-03-23 15:00:00,2026-09-28 23:00:00,0,1,ARBUSDT,1h
14778,2020-01-01 00:00:00,2026-09-28 20:00:00,0,0,BTCUSDT,4h
14778,2020-01-01 00:00:00,2026-09-28 20:00:00,0,0,ETHUSDT,4h
13205,2020-09-14 04:00:00,2026-09-28 20:00:00,2,0,SOLUSDT,4h
14716,2020-01-06 08:00:00,2026-09-28 20:00:00,2,0,XRPUSDT,4h
13630,2020-07-10 08:00:00,2026-09-28 20:00:00,0,0,DOGEUSDT,4h
14536,2020-02-10 08:00:00,2026-09-28 20:00:00,0,0,BNBUSDT,4h
13018,2020-10-15 08:00:00,2026-09-28 20:00:00,2,0,NEARUSDT,4h
13211,2020-09-18 04:00:00,2026-09-28 20:00:00,0,0,UNIUSDT,4h
14596,2020-01-31 08:00:00,2026-09-28 20:00:00,0,0,ADAUSDT,4h
14680,2020-01-17 08:00:00,2026-09-28 20:00:00,0,0,LINKUSDT,4h
13181,2020-09-23 04:00:00,2026-09-28 20:00:00,0,0,AVAXUSDT,4h
14778,2020-01-01 00:00:00,2026-09-28 20:00:00,0,0,BCHUSDT,4h
13043,2020-10-16 04:00:00,2026-09-28 20:00:00,0,0,AAVEUSDT,4h
13013,2020-10-16 04:00:00,2026-09-28 20:00:00,2,0,FILUSDT,4h
14698,2020-01-09 08:00:00,2026-09-28 20:00:00,2,0,LTCUSDT,4h
14632,2020-01-20 08:00:00,2026-09-28 20:00:00,2,0,XLMUSDT,4h
13373,2020-08-22 04:00:00,2026-09-28 20:00:00,0,0,DOTUSDT,4h
11804,2021-05-10 16:00:00,2026-09-28 20:00:00,0,0,1000SHIBUSDT,4h
14662,2020-01-15 08:00:00,2026-09-28 20:00:00,2,0,TRXUSDT,4h
12101,2021-03-17 04:00:00,2026-09-28 20:00:00,2,0,HBARUSDT,4h
7454,2023-05-05 16:00:00,2026-09-28 20:00:00,0,0,1000PEPEUSDT,4h
7466,2023-05-03 16:00:00,2026-09-28 20:00:00,0,0,SUIUSDT,4h
5457,2024-04-02 12:00:00,2026-09-28 20:00:00,0,0,ENAUSDT,4h
6975,2023-07-24 12:00:00,2026-09-28 20:00:00,0,0,WLDUSDT,4h
5403,2024-04-11 12:00:00,2026-09-28 20:00:00,0,0,TAOUSDT,4h
7713,2023-03-23 12:00:00,2026-09-28 20:00:00,0,0,ARBUSDT,4h
198,2020-01-06 00:00:00,2024-01-01 00:00:00,11,0,BTCUSDT,1w
172,2020-01-06 00:00:00,2024-01-01 00:00:00,11,0,ETHUSDT,1w
136,2020-09-14 00:00:00,2024-01-01 00:00:00,11,0,SOLUSDT,1w
172,2020-01-06 00:00:00,2024-01-01 00:00:00,11,0,XRPUSDT,1w
146,2020-07-06 00:00:00,2024-01-01 00:00:00,11,0,DOGEUSDT,1w
167,2020-02-10 00:00:00,2024-01-01 00:00:00,11,0,BNBUSDT,1w
132,2020-10-12 00:00:00,2024-01-01 00:00:00,11,0,NEARUSDT,1w
136,2020-09-14 00:00:00,2024-01-01 00:00:00,11,0,UNIUSDT,1w
169,2020-01-27 00:00:00,2024-01-01 00:00:00,11,0,ADAUSDT,1w
171,2020-01-13 00:00:00,2024-01-01 00:00:00,11,0,LINKUSDT,1w
135,2020-09-21 00:00:00,2024-01-01 00:00:00,11,0,AVAXUSDT,1w
172,2020-01-06 00:00:00,2024-01-01 00:00:00,11,0,BCHUSDT,1w
132,2020-10-12 00:00:00,2024-01-01 00:00:00,11,0,AAVEUSDT,1w
132,2020-10-12 00:00:00,2024-01-01 00:00:00,11,0,FILUSDT,1w
172,2020-01-06 00:00:00,2024-01-01 00:00:00,11,0,LTCUSDT,1w
170,2020-01-20 00:00:00,2024-01-01 00:00:00,11,0,XLMUSDT,1w
140,2020-08-17 00:00:00,2024-01-01 00:00:00,11,0,DOTUSDT,1w
102,2021-05-10 00:00:00,2024-01-01 00:00:00,11,0,1000SHIBUSDT,1w
171,2020-01-13 00:00:00,2024-01-01 00:00:00,11,0,TRXUSDT,1w
110,2021-03-15 00:00:00,2024-01-01 00:00:00,11,0,HBARUSDT,1w
8,2023-05-01 00:00:00,2024-01-01 00:00:00,2,0,1000PEPEUSDT,1w
8,2023-05-01 00:00:00,2024-01-01 00:00:00,2,0,SUIUSDT,1w
1,2024-01-01 00:00:00,2024-01-01 00:00:00,0,0,WLDUSDT,1w
13,2023-03-20 00:00:00,2024-01-01 00:00:00,3,0,ARBUSDT,1w
118224,2020-01-01 00:00:00,2026-09-28 23:30:00,0,5,BTCUSDT,30m
118224,2020-01-01 00:00:00,2026-09-28 23:30:00,0,3,ETHUSDT,30m
105634,2020-09-14 07:00:00,2026-09-28 23:30:00,2,3,SOLUSDT,30m
117728,2020-01-06 08:00:00,2026-09-28 23:30:00,2,3,XRPUSDT,30m
109038,2020-07-10 09:00:00,2026-09-28 23:30:00,0,3,DOGEUSDT,30m
116288,2020-02-10 08:00:00,2026-09-28 23:30:00,0,3,BNBUSDT,30m
104144,2020-10-15 08:00:00,2026-09-28 23:30:00,2,3,NEARUSDT,30m
105682,2020-09-18 07:00:00,2026-09-28 23:30:00,0,3,UNIUSDT,30m
116768,2020-01-31 08:00:00,2026-09-28 23:30:00,0,3,ADAUSDT,30m
117440,2020-01-17 08:00:00,2026-09-28 23:30:00,0,3,LINKUSDT,30m
105442,2020-09-23 07:00:00,2026-09-28 23:30:00,0,3,AVAXUSDT,30m
118224,2020-01-01 00:00:00,2026-09-28 23:30:00,0,3,BCHUSDT,30m
104338,2020-10-16 07:00:00,2026-09-28 23:30:00,0,3,AAVEUSDT,30m
104100,2020-10-16 06:00:00,2026-09-28 23:30:00,2,3,FILUSDT,30m
117584,2020-01-09 08:00:00,2026-09-28 23:30:00,2,3,LTCUSDT,30m
117056,2020-01-20 08:00:00,2026-09-28 23:30:00,2,3,XLMUSDT,30m
106978,2020-08-22 07:00:00,2026-09-28 23:30:00,0,3,DOTUSDT,30m
94429,2021-05-10 17:30:00,2026-09-28 23:30:00,0,2,1000SHIBUSDT,30m
117296,2020-01-15 08:00:00,2026-09-28 23:30:00,2,3,TRXUSDT,30m
96802,2021-03-17 07:00:00,2026-09-28 23:30:00,2,2,HBARUSDT,30m
59631,2023-05-05 16:30:00,2026-09-28 23:30:00,0,2,1000PEPEUSDT,30m
59728,2023-05-03 16:00:00,2026-09-28 23:30:00,0,2,SUIUSDT,30m
43655,2024-04-02 12:30:00,2026-09-28 23:30:00,0,2,ENAUSDT,30m
55800,2023-07-24 12:00:00,2026-09-28 23:30:00,0,2,WLDUSDT,30m
43219,2024-04-11 14:30:00,2026-09-28 23:30:00,0,2,TAOUSDT,30m
61698,2023-03-23 15:00:00,2026-09-28 23:30:00,0,2,ARBUSDT,30m
236448,2020-01-01 00:00:00,2026-09-28 23:45:00,0,15,BTCUSDT,15m
236448,2020-01-01 00:00:00,2026-09-28 23:45:00,0,10,ETHUSDT,15m
211268,2020-09-14 07:00:00,2026-09-28 23:45:00,2,10,SOLUSDT,15m
235455,2020-01-06 08:15:00,2026-09-28 23:45:00,2,11,XRPUSDT,15m
218076,2020-07-10 09:00:00,2026-09-28 23:45:00,0,10,DOGEUSDT,15m
232576,2020-02-10 08:00:00,2026-09-28 23:45:00,0,10,BNBUSDT,15m
208288,2020-10-15 08:00:00,2026-09-28 23:45:00,2,10,NEARUSDT,15m
211364,2020-09-18 07:00:00,2026-09-28 23:45:00,0,10,UNIUSDT,15m
233536,2020-01-31 08:00:00,2026-09-28 23:45:00,0,10,ADAUSDT,15m
234880,2020-01-17 08:00:00,2026-09-28 23:45:00,0,10,LINKUSDT,15m
210884,2020-09-23 07:00:00,2026-09-28 23:45:00,0,10,AVAXUSDT,15m
236448,2020-01-01 00:00:00,2026-09-28 23:45:00,0,10,BCHUSDT,15m
208676,2020-10-16 07:00:00,2026-09-28 23:45:00,0,10,AAVEUSDT,15m
208200,2020-10-16 06:00:00,2026-09-28 23:45:00,2,10,FILUSDT,15m
235168,2020-01-09 08:00:00,2026-09-28 23:45:00,2,10,LTCUSDT,15m
234112,2020-01-20 08:00:00,2026-09-28 23:45:00,2,11,XLMUSDT,15m
213956,2020-08-22 07:00:00,2026-09-28 23:45:00,0,10,DOTUSDT,15m
188858,2021-05-10 17:30:00,2026-09-28 23:45:00,0,7,1000SHIBUSDT,15m
234592,2020-01-15 08:00:00,2026-09-28 23:45:00,2,10,TRXUSDT,15m
193604,2021-03-17 07:00:00,2026-09-28 23:45:00,2,7,HBARUSDT,15m
119262,2023-05-05 16:30:00,2026-09-28 23:45:00,0,4,1000PEPEUSDT,15m
119456,2023-05-03 16:00:00,2026-09-28 23:45:00,0,4,SUIUSDT,15m
87310,2024-04-02 12:30:00,2026-09-28 23:45:00,0,4,ENAUSDT,15m
111600,2023-07-24 12:00:00,2026-09-28 23:45:00,0,4,WLDUSDT,15m
86438,2024-04-11 14:30:00,2026-09-28 23:45:00,0,4,TAOUSDT,15m
123396,2023-03-23 15:00:00,2026-09-28 23:45:00,0,4,ARBUSDT,15m
323712,2023-09-01 00:00:00,2026-09-28 23:55:00,0,43,BTCUSDT,5m
323712,2023-09-01 00:00:00,2026-09-28 23:55:00,0,24,ETHUSDT,5m
323712,2023-09-01 00:00:00,2026-09-28 23:55:00,0,24,SOLUSDT,5m
323712,2023-09-01 00:00:00,2026-09-28 23:55:00,0,24,XRPUSDT,5m
323712,2023-09-01 00:00:00,2026-09-28 23:55:00,0,24,DOGEUSDT,5m
323712,2023-09-01 00:00:00,2026-09-28 23:55:00,0,24,BNBUSDT,5m
323712,2023-09-01 00:00:00,2026-09-28 23:55:00,0,24,NEARUSDT,5m
323712,2023-09-01 00:00:00,2026-09-28 23:55:00,0,24,UNIUSDT,5m
323712,2023-09-01 00:00:00,2026-09-28 23:55:00,0,24,ADAUSDT,5m
323712,2023-09-01 00:00:00,2026-09-28 23:55:00,0,24,LINKUSDT,5m
323712,2023-09-01 00:00:00,2026-09-28 23:55:00,0,24,AVAXUSDT,5m
323712,2023-09-01 00:00:00,2026-09-28 23:55:00,0,24,BCHUSDT,5m
323712,2023-09-01 00:00:00,2026-09-28 23:55:00,0,24,AAVEUSDT,5m
323712,2023-09-01 00:00:00,2026-09-28 23:55:00,0,24,FILUSDT,5m
323712,2023-09-01 00:00:00,2026-09-28 23:55:00,0,24,LTCUSDT,5m
323712,2023-09-01 00:00:00,2026-09-28 23:55:00,0,24,XLMUSDT,5m
323712,2023-09-01 00:00:00,2026-09-28 23:55:00,0,24,DOTUSDT,5m
323712,2023-09-01 00:00:00,2026-09-28 23:55:00,0,24,1000SHIBUSDT,5m
323712,2023-09-01 00:00:00,2026-09-28 23:55:00,0,24,TRXUSDT,5m
323712,2023-09-01 00:00:00,2026-09-28 23:55:00,0,24,HBARUSDT,5m
323712,2023-09-01 00:00:00,2026-09-28 23:55:00,0,24,1000PEPEUSDT,5m
323712,2023-09-01 00:00:00,2026-09-28 23:55:00,0,24,SUIUSDT,5m
261930,2024-04-02 12:30:00,2026-09-28 23:55:00,0,21,ENAUSDT,5m
323712,2023-09-01 00:00:00,2026-09-28 23:55:00,0,24,WLDUSDT,5m
259314,2024-04-11 14:30:00,2026-09-28 23:55:00,0,21,TAOUSDT,5m
323712,2023-09-01 00:00:00,2026-09-28 23:55:00,0,24,ARBUSDT,5m
830880,2025-03-01 00:00:00,2026-09-28 23:59:00,0,18,BTCUSDT,1m
830880,2025-03-01 00:00:00,2026-09-28 23:59:00,0,18,ETHUSDT,1m
830880,2025-03-01 00:00:00,2026-09-28 23:59:00,0,19,SOLUSDT,1m
830880,2025-03-01 00:00:00,2026-09-28 23:59:00,0,18,XRPUSDT,1m
830880,2025-03-01 00:00:00,2026-09-28 23:59:00,0,19,DOGEUSDT,1m
830880,2025-03-01 00:00:00,2026-09-28 23:59:00,0,19,BNBUSDT,1m
830880,2025-03-01 00:00:00,2026-09-28 23:59:00,0,19,NEARUSDT,1m
830880,2025-03-01 00:00:00,2026-09-28 23:59:00,0,19,UNIUSDT,1m
830880,2025-03-01 00:00:00,2026-09-28 23:59:00,0,18,ADAUSDT,1m
830880,2025-03-01 00:00:00,2026-09-28 23:59:00,0,19,LINKUSDT,1m
830880,2025-03-01 00:00:00,2026-09-28 23:59:00,0,18,AVAXUSDT,1m
830880,2025-03-01 00:00:00,2026-09-28 23:59:00,0,19,BCHUSDT,1m
830880,2025-03-01 00:00:00,2026-09-28 23:59:00,0,19,AAVEUSDT,1m
830880,2025-03-01 00:00:00,2026-09-28 23:59:00,0,25,FILUSDT,1m
830880,2025-03-01 00:00:00,2026-09-28 23:59:00,0,20,LTCUSDT,1m
830880,2025-03-01 00:00:00,2026-09-28 23:59:00,0,18,XLMUSDT,1m
830880,2025-03-01 00:00:00,2026-09-28 23:59:00,0,20,DOTUSDT,1m
830880,2025-03-01 00:00:00,2026-09-28 23:59:00,0,19,1000SHIBUSDT,1m
830880,2025-03-01 00:00:00,2026-09-28 23:59:00,0,19,TRXUSDT,1m
830880,2025-03-01 00:00:00,2026-09-28 23:59:00,0,21,HBARUSDT,1m
830880,2025-03-01 00:00:00,2026-09-28 23:59:00,0,19,1000PEPEUSDT,1m
830880,2025-03-01 00:00:00,2026-09-28 23:59:00,0,19,SUIUSDT,1m
830880,2025-03-01 00:00:00,2026-09-28 23:59:00,0,19,ENAUSDT,1m
830880,2025-03-01 00:00:00,2026-09-28 23:59:00,0,19,WLDUSDT,1m
830880,2025-03-01 00:00:00,2026-09-28 23:59:00,0,19,TAOUSDT,1m
830880,2025-03-01 00:00:00,2026-09-28 23:59:00,0,19,ARBUSDT,1m
