group,model,fee,coins,trades,signals_per_100_bars,dir_hit,dir_hit_lo,dir_hit_hi,win_rate,win_lo,win_hi,avg_net,med_net,pf,tstat,long_trades,short_trades,long_dir_hit,long_win_rate,long_avg_net,short_dir_hit,short_win_rate,short_avg_net,sharpe,max_dd_sum,trades_per_coin_day,net_per_coin_day,dsr_prob
search12,precise,futures_taker,12,71,0.009147032754107146,0.5070422535211268,0.3934110961033843,0.6199504568297437,0.4647887323943662,0.35358257090400147,0.5796096644303581,-0.001073265690697202,-0.0007862520458265397,0.8584995781185295,-0.516453147691388,71,0,0.5070422535211268,0.4647887323943662,-0.001073265690697202,,,,-0.05486481568548054,0.14392524919828764,0.026343454331828584,-2.82735257088002e-05,0.0003600943907687465
search12,precise,futures_maker_entry,12,71,0.009147032754107146,0.5070422535211268,0.3934110961033843,0.6199504568297437,0.4647887323943662,0.35358257090400147,0.5796096644303581,-0.0005732656906972027,-0.0002862520458265397,0.9216559922649868,-0.27585422043233476,71,0,0.5070422535211268,0.4647887323943662,-0.0005732656906972027,,,,-0.029305060929023245,0.1178593164124765,0.026343454331828584,-1.510179854288593e-05,0.0008298403476661962
search12,precise,futures_maker,12,71,0.009147032754107146,0.5070422535211268,0.3934110961033843,0.6199504568297437,0.5070422535211268,0.3934110961033843,0.6199504568297437,-7.326569069720239e-05,0.00021374795417346027,0.9896277485258483,-0.03525529317328103,71,0,0.5070422535211268,0.5070422535211268,-7.326569069720239e-05,,,,-0.0037453061725659007,0.1056848805515013,0.026343454331828584,-1.9300713769716293e-06,0.001823746089971371
search12,precise,spot_taker_long,12,71,0.009147032754107146,0.5070422535211268,0.3934110961033843,0.6199504568297437,0.4507042253521127,0.34047773339151494,0.5659913960765885,-0.0020732656906972038,-0.0017862520458265395,0.7448323312189585,-0.997651002209496,71,0,0.5070422535211268,0.4507042253521127,-0.0020732656906972038,,,,-0.10598432519839529,0.20392524919828803,0.026343454331828584,-5.461698004062884e-05,5.923254398048337e-05
search12,frequent,futures_taker,12,479,0.061710263228413005,0.6012526096033403,0.5567647691641067,0.6441292714487982,0.46346555323590816,0.419275639691032,0.5082368198816314,0.0008343655492673024,-0.0036192632046160734,1.076716702787945,0.6728404692073743,479,0,0.6012526096033403,0.46346555323590816,0.0008343655492673024,,,,0.07147844580638309,0.3322566457244582,0.17772555809782944,0.00014828808290113336,4.198348398953425e-12
search12,frequent,futures_maker_entry,12,479,0.061710263228413005,0.6012526096033403,0.5567647691641067,0.6441292714487982,0.46764091858037576,0.42339227041314276,0.5124044794940732,0.001334365549267301,-0.003119263204616073,1.1257733361966018,1.0760453173690863,479,0,0.6012526096033403,0.46764091858037576,0.001334365549267301,,,,0.11431245655212373,0.2900068313124668,0.17772555809782944,0.00023715086195004784,6.526300553050347e-11
search12,frequent,futures_maker,12,479,0.061710263228413005,0.6012526096033403,0.5567647691641067,0.6441292714487982,0.4759916492693111,0.43163484135847985,0.5207304892178418,0.0018343655492673013,-0.0026192632046160734,1.1773074098008012,1.4792501655307997,479,0,0.6012526096033403,0.4759916492693111,0.0018343655492673013,,,,0.15714646729786455,0.2673322498129086,0.17772555809782944,0.00032601364099896256,8.678704012053596e-10
search12,frequent,spot_taker_long,12,479,0.061710263228413005,0.6012526096033403,0.5567647691641067,0.6441292714487982,0.4551148225469729,0.41105171448424715,0.49989216441931067,-0.00016563445073269835,-0.0046192632046160725,0.985492383054545,-0.13356922711605282,479,0,0.6012526096033403,0.4551148225469729,-0.00016563445073269835,,,,-0.014189575685098545,0.4776847903438464,0.17772555809782944,-2.9437475196696255e-05,1.0969575761806255e-14
search12,v1,futures_taker,12,111,0.014300290643744976,0.6216216216216216,0.528758121912598,0.706348320352226,0.5855855855855856,0.49257834953891355,0.672866924647444,0.00392916751319454,0.0044348294434469315,1.6602152511974093,1.9222115397391324,111,0,0.6216216216216216,0.5855855855855856,0.00392916751319454,,,,0.2042039675965167,0.12888252535348566,0.04118483705398553,0.00016182212378873067,0.047160845362769266
search12,v1,futures_maker_entry,12,111,0.014300290643744976,0.6216216216216216,0.528758121912598,0.706348320352226,0.6036036036036037,0.5106070530904347,0.689668805135156,0.004429167513194539,0.004934829443446932,1.7700294259716804,2.166819530272006,111,0,0.6216216216216216,0.6036036036036037,0.004429167513194539,,,,0.23018962065289306,0.12351868106513764,0.04118483705398553,0.0001824145423157234,0.07659345298779507
search12,v1,futures_maker,12,111,0.014300290643744976,0.6216216216216216,0.528758121912598,0.706348320352226,0.6216216216216216,0.528758121912598,0.706348320352226,0.004929167513194543,0.0054348294434469315,1.886804701966029,2.411427520804882,111,0,0.6216216216216216,0.6216216216216216,0.004929167513194543,,,,0.2561752737092696,0.12251868106513764,0.04118483705398553,0.00020300696084271633,0.11811277572377121
search12,v1,spot_taker_long,12,111,0.014300290643744976,0.6216216216216216,0.528758121912598,0.706348320352226,0.5585585585585585,0.46575944163399,0.6474399564935177,0.0029291675131945397,0.003434829443446932,1.4598132002899753,1.4329955586733842,111,0,0.6216216216216216,0.5585585585585585,0.0029291675131945397,,,,0.152232661483764,0.16188252535348663,0.04118483705398553,0.00012063728673474514,0.015235396197151828
other_train8,precise,futures_taker,8,70,0.0135273019602993,0.6285714285714286,0.5114698481852806,0.7322951839917036,0.5857142857142857,0.46881000069946455,0.6937000207518583,0.004645342434655218,0.003665553585076987,1.7995943235155065,1.9522931251710838,70,0,0.6285714285714286,0.5857142857142857,0.004645342434655218,,,,0.3110994761732433,0.12520851282811601,0.038958629645661984,0.0001809761754890104,0.18377378018278367
other_train8,precise,futures_maker_entry,8,70,0.0135273019602993,0.6285714285714286,0.5114698481852806,0.7322951839917036,0.5857142857142857,0.46881000069946455,0.6937000207518583,0.005145342434655217,0.0041655535850769875,1.9184042269260244,2.162427593472771,70,0,0.6285714285714286,0.5857142857142857,0.005145342434655217,,,,0.3445845723259377,0.105708512828116,0.038958629645661984,0.00020045549031184136,0.24410734943079504
other_train8,precise,futures_maker,8,70,0.0135273019602993,0.6285714285714286,0.5114698481852806,0.7322951839917036,0.6,0.48293583076211255,0.7066591942644307,0.0056453424346552174,0.004665553585076987,2.045642007652371,2.3725620617744587,70,0,0.6285714285714286,0.6,0.0056453424346552174,,,,0.3780696684786321,0.09417443865687997,0.038958629645661984,0.00021993480513467236,0.3133689997571091
other_train8,precise,spot_taker_long,8,70,0.0135273019602993,0.6285714285714286,0.5114698481852806,0.7322951839917036,0.5857142857142857,0.46881000069946455,0.6937000207518583,0.0036453424346552174,0.0026655535850769875,1.5856997540485154,1.532024188567708,70,0,0.6285714285714286,0.5857142857142857,0.0036453424346552174,,,,0.24412928386785437,0.16420851282811605,0.038958629645661984,0.0001420175458433484,0.09350075188084483
other_train8,frequent,futures_taker,8,375,0.07246768907303197,0.576,0.5254586613508125,0.625,0.456,0.4062897840711175,0.5066025698836752,0.0013032298824431994,-0.004605128205128305,1.1112567471489248,0.8183595139517801,375,0,0.576,0.456,0.0013032298824431994,,,,0.13040624526579656,0.31806353361986617,0.20870694453033206,0.000271993126785344,2.960137118637054e-09
other_train8,frequent,futures_maker_entry,8,375,0.07246768907303197,0.576,0.5254586613508125,0.625,0.464,0.41414466174994513,0.514585446031249,0.001803229882443198,-0.0041051282051283045,1.1575602894738033,1.1323330979589155,375,0,0.576,0.464,0.001803229882443198,,,,0.18043818783502316,0.3035635336198662,0.20870694453033206,0.0003763465990505098,1.863367096150585e-08
other_train8,frequent,futures_maker,8,375,0.07246768907303197,0.576,0.5254586613508125,0.625,0.464,0.41414466174994513,0.514585446031249,0.0023032298824431983,-0.003605128205128305,1.2060742756409812,1.4463066819660517,375,0,0.576,0.464,0.0023032298824431983,,,,0.23047013040424993,0.2890635336198662,0.20870694453033206,0.0004807000713156759,1.067089708524297e-07
other_train8,frequent,spot_taker_long,8,375,0.07246768907303197,0.576,0.5254586613508125,0.625,0.44266666666666665,0.39322703427829564,0.49326906329916154,0.0003032298824431987,-0.005605128205128304,1.0247233341468258,0.1904123459375074,375,0,0.576,0.44266666666666665,0.0003032298824431987,,,,0.030342360127342996,0.41454848653415255,0.20870694453033206,6.328618225501179e-05,5.6464419017345974e-11
other_train8,v1,futures_taker,8,72,0.013913796302022139,0.5972222222222222,0.4818046137128726,0.702790647990467,0.5833333333333334,0.46807489225639837,0.6901496177750356,0.005561151299285099,0.002974753314294932,1.832901894282006,1.8430629167566945,72,0,0.5972222222222222,0.5833333333333334,0.005561151299285099,,,,0.2936935548072943,0.09772793838903476,0.04007173334982376,0.0002228449719829784,0.1468457920417729
other_train8,v1,futures_maker_entry,8,72,0.013913796302022139,0.5972222222222222,0.4818046137128726,0.702790647990467,0.5833333333333334,0.46807489225639837,0.6901496177750356,0.006061151299285098,0.0034747533142949327,1.9370250614621718,2.008771671793949,72,0,0.5972222222222222,0.5833333333333334,0.006061151299285098,,,,0.3200993779005313,0.09222793838903476,0.04007173334982376,0.00024288083865789026,0.18794466119195868
other_train8,v1,futures_maker,8,72,0.013913796302022139,0.5972222222222222,0.4818046137128726,0.702790647990467,0.5972222222222222,0.4818046137128726,0.702790647990467,0.006561151299285099,0.003974753314294932,2.0476487048535152,2.174480426831204,72,0,0.5972222222222222,0.5972222222222222,0.006561151299285099,,,,0.3465052009937682,0.08752325486967644,0.04007173334982376,0.0002629167053328022,0.2352970859508014
other_train8,v1,spot_taker_long,8,72,0.013913796302022139,0.5972222222222222,0.4818046137128726,0.702790647990467,0.5416666666666666,0.42739664196707616,0.6517156130486407,0.004561151299285098,0.0019747533142949326,1.641517432577847,1.5116454066821838,72,0,0.5972222222222222,0.5416666666666666,0.004561151299285098,,,,0.24088190862082035,0.10872793838903477,0.04007173334982376,0.0001827732386331546,0.083705927666895
unseen6,precise,futures_taker,6,197,0.050759590212932616,0.5685279187817259,0.4987060436035137,0.6357282568601353,0.5380710659898477,0.46838864012877535,0.6062970823510295,0.0016773162219532235,0.001201384308078325,1.2187136752765109,1.0184681921018914,197,0,0.5685279187817259,0.5380710659898477,0.0016773162219532235,,,,0.21639163161644778,0.30149346677526045,0.14618761981324593,0.0002452028661614879,7.680417087483123e-05
unseen6,precise,futures_maker_entry,6,197,0.050759590212932616,0.5685279187817259,0.4987060436035137,0.6357282568601353,0.5634517766497462,0.4936353247511046,0.6308408793819037,0.0021773162219532226,0.001701384308078325,1.2926008344340187,1.322068723346945,197,0,0.5685279187817259,0.5634517766497462,0.0021773162219532226,,,,0.2808969493330024,0.2889934667752606,0.14618761981324593,0.0003182966760681107,0.000251078698004109
unseen6,precise,futures_maker,6,197,0.050759590212932616,0.5685279187817259,0.4987060436035137,0.6357282568601353,0.5685279187817259,0.4987060436035137,0.6357282568601353,0.0026773162219532226,0.002201384308078325,1.370579659525787,1.625669254591999,197,0,0.5685279187817259,0.5685279187817259,0.0026773162219532226,,,,0.3454022670495571,0.27649346677525954,0.14618761981324593,0.0003913904859747337,0.0007521393796470602
unseen6,precise,spot_taker_long,6,197,0.050759590212932616,0.5685279187817259,0.4987060436035137,0.6357282568601353,0.5126903553299492,0.44331834741068527,0.5815768934159163,0.0006773162219532226,0.0002013843080783252,1.0831446825820317,0.4112671296117827,197,0,0.5685279187817259,0.5126903553299492,0.0006773162219532226,,,,0.08738099618333824,0.32649346677526064,0.14618761981324593,9.901524634824181e-05,5.542303621556327e-06
unseen6,frequent,futures_taker,6,777,0.20020406901242965,0.592020592020592,0.5570932400509384,0.6260424945205803,0.4826254826254826,0.4476613244168608,0.5177605998248802,0.0015026568566321276,-0.002943420037223742,1.1284352016094106,1.291110529836193,777,0,0.592020592020592,0.4826254826254826,0.0015026568566321276,,,,0.2743193320272877,0.6212512189630004,0.5765877187557974,0.0008664134890382759,6.80192239627681e-17
unseen6,frequent,futures_maker_entry,6,777,0.20020406901242965,0.592020592020592,0.5570932400509384,0.6260424945205803,0.4864864864864865,0.4514950049898032,0.5216109360871066,0.0020026568566321266,-0.002443420037223742,1.1750281485667178,1.7207197663487552,777,0,0.592020592020592,0.4864864864864865,0.0020026568566321266,,,,0.36559743414905654,0.5592512189629901,0.5765877187557974,0.001154707348416174,2.3292841356935025e-15
unseen6,frequent,futures_maker,6,777,0.20020406901242965,0.592020592020592,0.5570932400509384,0.6260424945205803,0.4877734877734878,0.45277336152320596,0.52289391849876,0.002502656856632127,-0.0019434200372237418,1.2237409305874367,2.1503290028613185,777,0,0.592020592020592,0.4877734877734878,0.002502656856632127,,,,0.45687553627082567,0.49725121896299695,0.5765877187557974,0.001443001207794073,6.660806747386259e-14
unseen6,frequent,spot_taker_long,6,777,0.20020406901242965,0.592020592020592,0.5570932400509384,0.6260424945205803,0.47104247104247104,0.43617279897772526,0.50619707475851,0.000502656856632127,-0.003943420037223742,1.0411285157471604,0.431892056811066,777,0,0.592020592020592,0.47104247104247104,0.000502656856632127,,,,0.09176312778374944,0.7452512189629965,0.5765877187557974,0.000289825770282478,3.402444914141528e-20
unseen6,v1,futures_taker,6,121,0.031177210232308867,0.6115702479338843,0.5225701530506783,0.6937039094413114,0.5702479338842975,0.4812198903675137,0.6549526674978131,0.0031207663090705847,0.0023965072133636644,1.5481922856640626,1.7375642237423046,121,0,0.6115702479338843,0.5702479338842975,0.0031207663090705847,,,,0.3691763378864049,0.15177312964520767,0.08979036546904953,0.0002802147474349446,0.021816076600096473
unseen6,v1,futures_maker_entry,6,121,0.031177210232308867,0.6115702479338843,0.5225701530506783,0.6937039094413114,0.5867768595041323,0.497686903764853,0.6705262559511392,0.0036207663090705848,0.002896507213363665,1.6605979905922352,2.0159516535687594,121,0,0.6115702479338843,0.5867768595041323,0.0036207663090705848,,,,0.42832468501085713,0.13827312964520772,0.08979036546904953,0.0003251099301694694,0.0410716501141897
unseen6,v1,futures_maker,6,121,0.031177210232308867,0.6115702479338843,0.5225701530506783,0.6937039094413114,0.5950413223140496,0.5059567358197812,0.6782767248215436,0.004120766309070585,0.0033965072133636644,1.7807523951572413,2.2943390833952146,121,0,0.6115702479338843,0.5950413223140496,0.004120766309070585,,,,0.48747303213530935,0.12477312964520774,0.08979036546904953,0.00037000511290399417,0.07215983460926108
unseen6,v1,spot_taker_long,6,121,0.031177210232308867,0.6115702479338843,0.5225701530506783,0.6937039094413114,0.5371900826446281,0.4485716944872673,0.6235196596767293,0.0021207663090705847,0.0013965072133636648,1.3456284614798277,1.1807893640893947,121,0,0.6115702479338843,0.5371900826446281,0.0021207663090705847,,,,0.2508796436375005,0.19239812815340104,0.08979036546904953,0.00019042438196589508,0.0049800721622897705
holdout10,precise,futures_taker,10,180,0.027827592604044278,0.5444444444444444,0.4715181636893998,0.6155132807714838,0.5111111111111111,0.438618730048297,0.5831391310669238,0.002745647901882826,0.00038825373626501084,1.463007970852348,1.9475303055451407,180,0,0.5444444444444444,0.5111111111111111,0.002745647901882826,,,,0.24827241363502336,0.1367797592833972,0.08014346669964752,0.00022004574119350334,0.004183338832275349
holdout10,precise,futures_maker_entry,10,180,0.027827592604044278,0.5444444444444444,0.4715181636893998,0.6155132807714838,0.5222222222222223,0.4495501125747,0.5939656096557419,0.003245647901882826,0.0008882537362650109,1.5704435139272135,2.3021879993101755,180,0,0.5444444444444444,0.5222222222222223,0.003245647901882826,,,,0.2934844041209066,0.1302797592833974,0.08014346669964752,0.00026011747454332714,0.011293132861442677
holdout10,precise,futures_maker,10,180,0.027827592604044278,0.5444444444444444,0.4715181636893998,0.6155132807714838,0.5388888888888889,0.46601294817862354,0.6101395657246497,0.0037456479018828258,0.0013882537362650109,1.686492886194096,2.6568456930752102,180,0,0.5444444444444444,0.5388888888888889,0.0037456479018828258,,,,0.33869639460678985,0.12377975928339668,0.08014346669964752,0.00030018920789315085,0.02713735218848868
holdout10,precise,spot_taker_long,10,180,0.027827592604044278,0.5444444444444444,0.4715181636893998,0.6155132807714838,0.4666666666666667,0.39524296450687024,0.5394834521474671,0.0017456479018828264,-0.000611746263734989,1.2712335867378106,1.2382149180150708,180,0,0.5444444444444444,0.4666666666666667,0.0017456479018828264,,,,0.15784843266325685,0.14977975928339743,0.08014346669964752,0.00013990227449385586,0.00040264265396972796
holdout10,frequent,futures_taker,10,1170,0.1808793519262878,0.5205128205128206,0.4918660499075658,0.5490253276002685,0.4239316239316239,0.39590879524895217,0.45245234649282967,-0.0005696238593229872,-0.006863905652554502,0.9500959648066277,-0.7025972091537618,1170,0,0.5205128205128206,0.4239316239316239,-0.0005696238593229872,,,,-0.08956754327938884,1.1711518908869287,0.5209325335477089,-0.00029673560020634747,8.10616922395451e-36
holdout10,frequent,futures_maker_entry,10,1170,0.1808793519262878,0.5205128205128206,0.4918660499075658,0.5490253276002685,0.42905982905982903,0.40097675938657495,0.45760722673216536,-6.962385932298814e-05,-0.006363905652554501,0.9937431936488474,-0.08587689656993185,1170,0,0.5205128205128206,0.42905982905982903,-6.962385932298814e-05,,,,-0.010947641906365217,0.8256518908869317,0.5209325335477089,-3.6269333432493483e-05,1.483865235622063e-32
holdout10,frequent,futures_maker,10,1170,0.1808793519262878,0.5205128205128206,0.4918660499075658,0.5490253276002685,0.43333333333333335,0.40520242516341565,0.46190059793612354,0.00043037614067701225,-0.005863905652554502,1.039691426296494,0.5308434160138997,1170,0,0.5205128205128206,0.43333333333333335,0.00043037614067701225,,,,0.06767225946665861,0.5817451912096943,0.5209325335477089,0.00022419693334136114,1.9068496693903714e-29
holdout10,frequent,spot_taker_long,10,1170,0.1808793519262878,0.5205128205128206,0.4918660499075658,0.5490253276002685,0.41196581196581195,0.3840956513966802,0.440412186798865,-0.001569623859322988,-0.007863905652554501,0.8691558514608632,-1.9360378343214246,1170,0,0.5205128205128206,0.41196581196581195,-0.001569623859322988,,,,-0.24680734602543647,2.1584334156966904,0.5209325335477089,-0.0008176681337540568,8.621614682477004e-43
holdout10,v1,futures_taker,10,185,0.028600581287489952,0.5675675675675675,0.49551942758568035,0.6368666568363961,0.5513513513513514,0.4793617231655522,0.6212517009952259,0.004341046187152285,0.0038790346907993777,1.6406445895218105,2.4142840169550954,185,0,0.5675675675675675,0.5513513513513514,0.004341046187152285,,,,0.3077744764141787,0.17459961833655563,0.08236967410797107,0.0003575705597233841,0.012830038075551201
holdout10,v1,futures_maker_entry,10,185,0.028600581287489952,0.5675675675675675,0.49551942758568035,0.6368666568363961,0.5567567567567567,0.4847392914295363,0.6264650194850079,0.004841046187152286,0.004379034690799378,1.738872137221813,2.692360304659703,185,0,0.5675675675675675,0.5567567567567567,0.004841046187152286,,,,0.3432238200914086,0.17009961833655574,0.08236967410797107,0.0003987553967773697,0.025441332438252195
holdout10,v1,futures_maker,10,185,0.028600581287489952,0.5675675675675675,0.49551942758568035,0.6368666568363961,0.5621621621621622,0.49012518225178087,0.6316700154165296,0.005341046187152286,0.004879034690799378,1.843568170661347,2.970436592364311,185,0,0.5675675675675675,0.5621621621621622,0.005341046187152286,,,,0.3786731637686384,0.1655996183365554,0.08236967410797107,0.0004399402338313552,0.047032802778704884
holdout10,v1,spot_taker_long,10,185,0.028600581287489952,0.5675675675675675,0.49551942758568035,0.6368666568363961,0.5405405405405406,0.46863144185332883,0.6108002087999171,0.0033410461871522853,0.002879034690799378,1.4620750285089272,1.858131441545881,185,0,0.5675675675675675,0.5405405405405406,0.0033410461871522853,,,,0.23687578905971918,0.18359961833655575,0.08236967410797107,0.00027520088561541306,0.0026314757768594274
holdout10_pre,precise,futures_taker,10,702,0.05939890340486022,0.5726495726495726,0.535756557347735,0.6087517856005978,0.5441595441595442,0.5071756368845977,0.5806627676526243,-0.0005039096180682772,0.0023807221962081748,0.9597365655244952,-0.219329224695717,702,0,0.5726495726495726,0.5441595441595442,-0.0005039096180682772,,,,-0.020685205372920772,1.1210368759479132,0.1710688418059974,-8.620323473784269e-05,6.511532350358608e-21
holdout10_pre,precise,futures_maker_entry,10,702,0.05939890340486022,0.5726495726495726,0.535756557347735,0.6087517856005978,0.5512820512820513,0.5143094852470238,0.587696403892976,-3.909618068278681e-06,0.002880722196208175,0.9996818784792628,-0.0017016811527811402,702,0,0.5726495726495726,0.5512820512820513,-3.909618068278681e-06,,,,-0.00016048761478704038,0.9980368759479183,0.1710688418059974,-6.688138348442349e-07,4.919604764950423e-20
holdout10_pre,precise,futures_maker,10,702,0.05939890340486022,0.5726495726495726,0.535756557347735,0.6087517856005978,0.5641025641025641,0.527169495317787,0.6003378661072125,0.0004960903819317226,0.0033807221962081748,1.0411065211937536,0.21592586239015596,702,0,0.5726495726495726,0.5641025641025641,0.0004960903819317226,,,,0.020364230143346807,0.8750368759479167,0.1710688418059974,8.48656070681547e-05,3.5571021479191394e-19
holdout10_pre,precise,spot_taker_long,10,702,0.05939890340486022,0.5726495726495726,0.535756557347735,0.6087517856005978,0.5327635327635327,0.49577713551149155,0.5693932936612859,-0.0015039096180682774,0.0013807221962081752,0.884107893709219,-0.6545843117815902,702,0,0.5726495726495726,0.5327635327635327,-0.0015039096180682774,,,,-0.06173464088918837,1.3670368759479095,0.1710688418059974,-0.0002572720765438402,1.0014413431019212e-22
holdout10_pre,frequent,futures_taker,10,3625,0.30672510661341634,0.5056551724137931,0.4893819290066404,0.5219164423524181,0.3900689655172414,0.3743146883966619,0.406055995184567,0.0001878705610268532,-0.019291031452198612,1.0141694278388464,0.17603109817580762,3625,0,0.5056551724137931,0.3900689655172414,0.0001878705610268532,,,,0.01660170651147368,2.7581715486043827,0.883368307046639,0.0001659588994381936,1.3293803376015035e-93
holdout10_pre,frequent,futures_maker_entry,10,3625,0.30672510661341634,0.5056551724137931,0.4893819290066404,0.5219164423524181,0.39420689655172414,0.37841852668246473,0.4102192578931971,0.0006878705610268522,-0.018791031452198615,1.0530973902741143,0.6445214705195786,3625,0,0.5056551724137931,0.39420689655172414,0.0006878705610268522,,,,0.06078560211686523,2.0204138393608075,0.883368307046639,0.0006076430529615123,1.815254543370434e-89
holdout10_pre,frequent,futures_maker,10,3625,0.30672510661341634,0.5056551724137931,0.4893819290066404,0.5219164423524181,0.3986206896551724,0.38279726801937425,0.41465875761701615,0.001187870561026853,-0.018291031452198615,1.0938783814364723,1.1130118428633513,3625,0,0.5056551724137931,0.3986206896551724,0.001187870561026853,,,,0.10496949772225693,1.4909138393608514,0.883368307046639,0.0010493272064848326,2.0126921916840956e-85
holdout10_pre,frequent,spot_taker_long,10,3625,0.30672510661341634,0.5056551724137931,0.4893819290066404,0.5219164423524181,0.3817931034482759,0.36611061536880185,0.39772586622356093,-0.0008121294389731475,-0.020291031452198613,0.941460930589448,-0.760949646511737,3625,0,0.5056551724137931,0.3817931034482759,-0.0008121294389731475,,,,-0.07176608469930965,5.4546891207469494,0.883368307046639,-0.0007174094076084461,3.842895368818045e-102
holdout10_pre,v1,futures_taker,10,707,0.05982197251743045,0.5445544554455446,0.5077021352881805,0.5809252044735893,0.5289957567185289,0.49214361348888813,0.5655344965148033,-0.0010966332909675201,0.0013816411682892728,0.917310628119953,-0.5139951201984341,707,0,0.5445544554455446,0.5289957567185289,-0.0010966332909675201,,,,-0.04847550360301495,1.7383412122311042,0.17228728085019968,-0.0001889359677905999,2.8696230709114164e-22
holdout10_pre,v1,futures_maker_entry,10,707,0.05982197251743045,0.5445544554455446,0.5077021352881805,0.5809252044735893,0.5388967468175389,0.5020403603850563,0.5753327140101394,-0.0005966332909675224,0.0018816411682892728,0.9542112596820173,-0.27964370827615315,707,0,0.5445544554455446,0.5388967468175389,-0.0005966332909675224,,,,-0.026373537520877077,1.5728412122311113,0.17228728085019968,-0.00010279232736550043,2.7138041988253148e-21
holdout10_pre,v1,futures_maker,10,707,0.05982197251743045,0.5445544554455446,0.5077021352881805,0.5809252044735893,0.5431400282885431,0.50628624802145,0.5795275253986762,-9.663329096752092e-05,0.0023816411682892726,0.9924509608691896,-0.04529229635387045,707,0,0.5445544554455446,0.5431400282885431,-9.663329096752092e-05,,,,-0.004271571438739035,1.4073412122311106,0.17228728085019968,-1.6648686940400343e-05,2.440356137027665e-20
holdout10_pre,v1,spot_taker_long,10,707,0.05982197251743045,0.5445544554455446,0.5077021352881805,0.5809252044735893,0.5091937765205092,0.47239330524740564,0.545894875973277,-0.002096633290967521,0.000381641168289273,0.8474358124795973,-0.9826979440429985,707,0,0.5445544554455446,0.5091937765205092,-0.002096633290967521,,,,-0.09267943576729094,2.1352197965903947,0.17228728085019968,-0.0003612232486407997,2.764268957642693e-24
