tf,family,config,group,H,tp_atr,sl_atr,q,val_score,val_dir_hit,val_win_rate,val_avg_net,n_trials_tf,trades,signals_per_100_bars,dir_hit,dir_hit_lo,dir_hit_hi,win_rate,win_lo,win_hi,avg_net,med_net,pf,tstat,long_trades,short_trades,long_dir_hit,long_win_rate,long_avg_net,short_dir_hit,short_win_rate,short_avg_net,sharpe,max_dd_sum,dsr_prob
1m,logit,logit:mom:C=0.05,train_coins,10,1.0,1.0,0.005,-0.0,0.5663612178539758,0.22406148389003844,-0.0014354122944860916,1442,28350,0.8533142303316338,0.5485008818342152,0.5427017909197153,0.5542868301918593,0.18994708994708995,0.18542303939887392,0.19455515727695152,-0.0014240184971031624,-0.0014860705838742204,0.13582223626432083,-123.89925559145009,14594,13756,0.5517335891462245,0.16212141976154584,-0.0014039495748948384,0.5450712416400116,0.21946786856644374,-0.0014453099954099581,-11.019435317719578,40.37065744462867,0.0
1m,logit,logit:mom:C=0.05,unseen_coins,10,1.0,1.0,0.005,-0.0,0.5663612178539758,0.22406148389003844,-0.0014354122944860916,1442,7355,0.7379337053602782,0.5717199184228416,0.5603764688932081,0.5829884868085154,0.35812372535690007,0.34724301484236253,0.3691525656794413,-0.0013907271276338473,-0.0008811036183166575,0.29473041848997644,-39.11828884125137,3701,3654,0.5844366387462848,0.31559038097811404,-0.0013838371391462342,0.5588396278051451,0.40120415982484947,-0.0013977057393997634,-11.597095601807293,10.234958617968742,0.0
1m,baseline,baseline:rsi_30_70_cross,train_coins,10,1.0,1.0,,-0.0,0.5663612178539758,0.22406148389003844,-0.0014354122944860916,1442,81053,2.439635919261725,0.5116898819291081,0.5082481072953633,0.5151305485046179,0.16735962888480377,0.16480545102490957,0.1699453369949385,-0.001379475338372949,-0.0013270413365060062,0.10098849108041454,-242.22536611473805,39905,41148,0.5169026437789751,0.16732239067785992,-0.0013833936859038785,0.5066345873432487,0.1673957421988918,-0.0013756753564000284,-21.543202511351428,111.83597165182194,0.0
1m,baseline,baseline:rsi_30_70_cross,unseen_coins,10,1.0,1.0,,-0.0,0.5663612178539758,0.22406148389003844,-0.0014354122944860916,1442,24662,2.4743604407335393,0.5226259021977131,0.5163888625458923,0.5288558940733183,0.3003406049793204,0.2946507942027599,0.30609260796033516,-0.0013764737793388996,-0.001137024020702414,0.21214868835099396,-90.71198295877345,12051,12611,0.5263463612978176,0.2972367438386856,-0.0013870384980284706,0.5190706526048687,0.30330663706288163,-0.0013663781941412132,-26.89267781808109,33.94163712511353,0.0
1m,baseline,baseline:macd_cross,train_coins,10,1.0,1.0,,-0.0,0.5663612178539758,0.22406148389003844,-0.0014354122944860916,1442,251746,7.57737016681014,0.472051194457906,0.4701014982570631,0.47400174363351694,0.13467145456134358,0.13334349698124823,0.13601056167091816,-0.0014082658141661923,-0.0014877541804351067,0.07056286246840247,-501.99644239127804,125815,125931,0.46997575805746533,0.13406191630568692,-0.001418199176312339,0.4741247190922013,0.13528043134732512,-0.0013983416020308366,-44.64689719280088,354.5413097465856,0.0
1m,baseline,baseline:macd_cross,unseen_coins,10,1.0,1.0,,-0.0,0.5663612178539758,0.22406148389003844,-0.0014354122944860916,1442,75438,7.568761776338364,0.48178636761313925,0.47822170332936537,0.48535288682220906,0.2521408308809884,0.24905471294498177,0.25525219146123307,-0.001398433093516488,-0.0014,0.16407100744629508,-184.9204495331621,37646,37792,0.4757477554056208,0.25003984487063696,-0.0014235839108296712,0.4878016511430991,0.25423370025402203,-0.001373379440135559,-54.82193100695605,105.49221497076154,0.0
1m,baseline,baseline:random_2pct,train_coins,10,1.0,1.0,,-0.0,0.5663612178539758,0.22406148389003844,-0.0014354122944860916,1442,122679,3.6925480233811108,0.48424750772340824,0.4814514771223419,0.48704452484832,0.1383121805688015,0.1363916410248125,0.1402553713639192,-0.0014054868807472877,-0.0014618651954302773,0.0732181456817011,-343.3995707151491,61228,61451,0.48219768733259294,0.13526491147840858,-0.0014233692233215217,0.48628988950545965,0.14134839140127906,-0.0013876694315416575,-30.541501961125448,172.47888898904606,0.0
1m,baseline,baseline:random_2pct,unseen_coins,10,1.0,1.0,,-0.0,0.5663612178539758,0.22406148389003844,-0.0014354122944860916,1442,36831,3.6952870567130396,0.4910537319106188,0.4859492957825682,0.4961600340971075,0.24816051695582525,0.24377551566860417,0.252598048212827,-0.0014226860230037598,-0.0015581277672360048,0.15963936060277273,-130.9556386246377,18370,18461,0.4808927599346761,0.24256940664126292,-0.0014508488486392544,0.501164617301338,0.25372406695195276,-0.0013946620206786399,-38.82340219146121,52.39301827449225,0.0
5m,rules,rules:top1,train_coins,24,,,,0.11841557805056459,0.5506756756756757,0.527027027027027,0.00019664131118067455,2184,183,0.014145692907055842,0.6120218579234973,0.5398081396466675,0.6796290734793172,0.5846994535519126,0.5122776125803501,0.6536383290514921,0.004571259494607219,0.004363688760807017,1.7329514029277842,2.6693532797982678,183,0,0.6120218579234973,0.5846994535519126,0.004571259494607219,,,,0.17014543489596057,0.12888252535348566,0.2209075340272827
5m,rules,rules:top1,unseen_coins,24,,,,0.11841557805056459,0.5506756756756757,0.527027027027027,0.00019664131118067455,2184,121,0.031177210232308867,0.6115702479338843,0.5225701530506783,0.6937039094413114,0.5702479338842975,0.4812198903675137,0.6549526674978131,0.0031207663090705847,0.0023965072133636644,1.5481922856640626,1.7375642237423046,121,0,0.6115702479338843,0.5702479338842975,0.0031207663090705847,,,,0.3691763378864049,0.15177312964520767,0.14565977976915628
5m,meta,meta:rule_top1&logit_agree,train_coins,24,,,,0.2215420017147006,0.5521541950113379,0.5294784580498866,0.00036877896620046355,2184,178,0.013759198565333003,0.6123595505617978,0.5391307385550766,0.6808409290941303,0.5842696629213483,0.5108327990335282,0.654145951703377,0.00491377362118622,0.004781718823991433,1.7674056401819147,2.7626720298915677,178,0,0.6123595505617978,0.5842696629213483,0.00491377362118622,,,,0.17609360198149968,0.12451868106513762,0.26452490742370793
5m,meta,meta:rule_top1&logit_agree,unseen_coins,24,,,,0.2215420017147006,0.5521541950113379,0.5294784580498866,0.00036877896620046355,2184,121,0.031177210232308867,0.6115702479338843,0.5225701530506783,0.6937039094413114,0.5702479338842975,0.4812198903675137,0.6549526674978131,0.003097829026841956,0.0023965072133636644,1.5441631338703874,1.7249576752197429,121,0,0.6115702479338843,0.5702479338842975,0.003097829026841956,,,,0.3664978530549649,0.15177312964520767,0.1428046553253512
5m,logit,logit:all_top20:C=0.05,train_coins,24,,,0.1,-0.0,0.5333909287257019,0.4583153347732181,-0.0013068694577200194,2184,31921,2.467457176426937,0.5275523949750948,0.5220726008498864,0.5330255581962653,0.432818520723035,0.42739152266997865,0.4382616870236287,-0.0014168352004000667,-0.0009344729181214749,0.6591900613252657,-23.882374372723884,16415,15506,0.5240938166311301,0.4232713981114834,-0.0013041411321648262,0.5312137237198504,0.4429253192312653,-0.0015361356731255582,-1.5222702085736435,45.2657601988503,0.0
5m,logit,logit:all_top20:C=0.05,unseen_coins,24,,,0.1,-0.0,0.5333909287257019,0.4583153347732181,-0.0013068694577200194,2184,9299,2.396007255787109,0.5301645338208409,0.5200100023511894,0.5402941524567351,0.4724163888590171,0.4622826718802295,0.4825728870922032,-0.001228626282520854,-0.0006245056223341137,0.7892322166666136,-7.486272900337462,5035,4264,0.5203574975173784,0.4609731876861966,-0.0008648053176836248,0.5417448405253283,0.48592870544090055,-0.0016582319480826382,-1.5905914590094066,11.673855786694952,3.3104245151296686e-225
5m,baseline,baseline:rsi_30_70_cross,train_coins,24,,,,0.11841557805056459,0.5506756756756757,0.527027027027027,0.00019664131118067455,2184,18385,1.4211396945148722,0.529398966548817,0.5221784778606041,0.5366071718020696,0.43840087027468044,0.4312419334305726,0.4455855443807539,-0.0012882655038621894,-0.0008982438534871782,0.6979432902128809,-15.741174660977249,9144,9241,0.5212160979877515,0.4258530183727034,-0.0011063358432139704,0.5374959419976193,0.4508170111459799,-0.0014682855035340117,-1.0033475256851936,23.729114303827537,0.0
5m,baseline,baseline:rsi_30_70_cross,unseen_coins,24,,,,0.11841557805056459,0.5506756756756757,0.527027027027027,0.00019664131118067455,2184,5541,1.4277100983241606,0.5268002165674066,0.5136397785203035,0.5399235189416114,0.47139505504421586,0.45827563717897635,0.4845541093010674,-0.0013253122313463435,-0.0006562422525235188,0.7804003550745475,-6.07870524504529,2813,2728,0.5193743334518308,0.4589406327763953,-0.0007991094704614578,0.5344574780058651,0.4842375366568915,-0.0018679106061151056,-1.2915287451208035,7.539102840201552,2.492790278247959e-138
5m,baseline,baseline:macd_cross,train_coins,24,,,,0.11841557805056459,0.5506756756756757,0.527027027027027,0.00019664131118067455,2184,38770,2.9968771257188793,0.4863812225947898,0.4814075440356428,0.4913575997720319,0.3953572349754965,0.39050093247490647,0.4002342728806547,-0.0014859385069417091,-0.0014795976874950477,0.6425545450677408,-28.171510313568216,19258,19512,0.47985252881919205,0.38908505556132517,-0.0014053357442364786,0.4928249282492825,0.40154776547765475,-0.0015654920126908544,-1.7956611102223028,57.66405432736165,0.0
5m,baseline,baseline:macd_cross,unseen_coins,24,,,,0.11841557805056459,0.5506756756756757,0.527027027027027,0.00019664131118067455,2184,11647,3.0009997320305897,0.49171460461921523,0.4826393860135521,0.500795287066202,0.434446638619387,0.4254673999262608,0.4434691067721051,-0.0014640000336063736,-0.0014,0.7463984506786301,-10.43363967289863,5774,5873,0.47592656737097333,0.4196397644613786,-0.001290692568090229,0.5072365060446109,0.44900391622680064,-0.0016343860894364804,-2.2168118062255213,17.10374517542816,0.0
5m,baseline,baseline:random_2pct,train_coins,24,,,,0.11841557805056459,0.5506756756756757,0.527027027027027,0.00019664131118067455,2184,26902,2.0794941562055533,0.49933090476544495,0.49335648886819167,0.5053055117287345,0.40465392907590514,0.39880264299097756,0.41053244207099654,-0.0013175813835392771,-0.0014,0.6721172413788031,-21.251779100135785,13482,13420,0.49161845423527667,0.3947485536270583,-0.0013059314181039503,0.5070789865871833,0.41460506706408345,-0.001329285171467674,-1.3545952214982777,35.5160955919297,0.0
5m,baseline,baseline:random_2pct,unseen_coins,24,,,,0.11841557805056459,0.5506756756756757,0.527027027027027,0.00019664131118067455,2184,8081,2.082173850308165,0.49981437940848905,0.48891537637342236,0.5107135588428223,0.44301447840613783,0.43221344755138186,0.45386966383573535,-0.0015644825443627585,-0.0014,0.7319985609054661,-9.274655590305022,4028,4053,0.4846077457795432,0.42477656405163855,-0.0012650806738270504,0.5149272144090797,0.46113989637305697,-0.0018620376231976543,-1.970565081394244,12.826851027196861,2.177048801706064e-226
15m,rules,rules:top1,train_coins,16,,,,6.9829436994666345,0.6711229946524064,0.660427807486631,0.018479465390472488,2226,127,0.014109229880460383,0.41732283464566927,0.33522000130170465,0.5042805856675773,0.4015748031496063,0.3204164822002564,0.4885127880012697,-0.009152440274200214,-0.008554178982992754,0.5565569773724409,-2.263952050857466,127,0,0.41732283464566927,0.4015748031496063,-0.009152440274200214,,,,-0.09988127318942844,1.515462067928806,1.1366736375484712e-06
15m,rules,rules:top1,unseen_coins,16,,,,6.9829436994666345,0.6711229946524064,0.660427807486631,0.018479465390472488,2226,111,0.04110563036039639,0.5045045045045045,0.41290893694099945,0.5957987090688088,0.4954954954954955,0.4042012909311912,0.5870910630590006,0.0024162175778630374,-0.0009514354066985518,1.1464041967800642,0.4551547773847233,111,0,0.5045045045045045,0.4954954954954955,0.0024162175778630374,,,,0.06693522012567747,0.7105288092464274,0.028683899707481166
15m,meta,meta:rule_top1&logit_agree,train_coins,16,,,,7.1113194526548344,0.6711956521739131,0.6603260869565217,0.01909354900699688,2226,127,0.014109229880460383,0.41732283464566927,0.33522000130170465,0.5042805856675773,0.3937007874015748,0.31304739392858366,0.4805962178890646,-0.008868194934308668,-0.00822716492993174,0.5626832900815558,-2.2019276616299073,127,0,0.41732283464566927,0.3937007874015748,-0.008868194934308668,,,,-0.09714487470320658,1.4793629097625796,1.5148185185086879e-06
15m,meta,meta:rule_top1&logit_agree,unseen_coins,16,,,,7.1113194526548344,0.6711956521739131,0.6603260869565217,0.01909354900699688,2226,109,0.04036498837192078,0.5045871559633027,0.4121794122144945,0.5966825677645203,0.4954128440366973,0.4033174322354797,0.5878205877855055,0.0025217596186427904,-0.0009514354066985518,1.151252823599803,0.4666589502411887,109,0,0.5045871559633027,0.4954128440366973,0.0025217596186427904,,,,0.06862702779368855,0.6959133567729776,0.03091339436444629
15m,logit,logit:all:C=0.05,train_coins,16,,,0.01,1.3405784034253272,0.5928601784955376,0.5366199178353874,0.0004690811985036213,2226,4729,0.5253743945251744,0.544089659547473,0.5298642308503037,0.5582435139768209,0.4867836751956016,0.4725542894917823,0.5010345160156744,-0.000501205036688611,-0.0002929430769404316,0.9213766935319876,-1.5757689451039112,2160,2569,0.5675925925925925,0.5189814814814815,0.0006487715433006641,0.5243285325029194,0.4597119501751654,-0.0014680985410781922,-0.06951993900653958,2.772746299551625,3.4920328452404983e-65
15m,logit,logit:all:C=0.05,unseen_coins,16,,,0.01,1.3405784034253272,0.5928601784955376,0.5366199178353874,0.0004690811985036213,2226,1407,0.5210416388925921,0.55863539445629,0.5325644973398231,0.5843869733284645,0.5309168443496801,0.5047916768779911,0.5568736440198332,-0.0008103823897424213,0.0013539895122042912,0.9088826677158001,-1.1746670749814272,812,595,0.5591133004926109,0.5320197044334976,-0.0006081341695599359,0.5579831932773109,0.5294117647058824,-0.0010863917255208733,-0.17274694926866105,1.391986078284965,4.422496212003005e-22
15m,baseline,baseline:rsi_30_70_cross,train_coins,16,,,,6.9829436994666345,0.6711229946524064,0.660427807486631,0.018479465390472488,2226,14477,1.6083411100742124,0.5092215237963666,0.5010766233252749,0.5173615315399782,0.4477446984872556,0.439659307961997,0.4558578144682353,-0.0017557286786102858,-0.0011145711431423276,0.7290518475395961,-11.523794533151644,7354,7123,0.5088387272232798,0.4480554800108784,-0.0015385611775660657,0.5096167345219711,0.44742383827039167,-0.0019799389555552804,-0.5084079715860673,25.482765222844048,0.0
15m,baseline,baseline:rsi_30_70_cross,unseen_coins,16,,,,6.9829436994666345,0.6711229946524064,0.660427807486631,0.018479465390472488,2226,4320,1.599786695107319,0.5037037037037037,0.4887972215304677,0.5186036046237558,0.4664351851851852,0.45159499513243695,0.4813350178449117,-0.00191632029847828,-0.0011829608713661997,0.783551120536529,-5.268276520129882,2239,2081,0.49173738276016077,0.4546672621706119,-0.001800146121627501,0.5165785679961556,0.4790965881787602,-0.0020413150038934144,-0.7747545803738001,8.628027647629121,3.436238596882913e-89
15m,baseline,baseline:macd_cross,train_coins,16,,,,6.9829436994666345,0.6711229946524064,0.660427807486631,0.018479465390472488,2226,35279,3.9193663067146605,0.494231695909748,0.48901538928904764,0.49944925863772244,0.43334561637234614,0.4281821533405331,0.43852359407863156,-0.001371053447232751,-0.0014,0.767732861824776,-16.140277521101712,17524,17755,0.4923533439853915,0.43078064368865554,-0.0013691061674849115,0.496085609687412,0.43587721768515914,-0.0013729753920539924,-0.7120784505253844,48.41720833367129,0.0
15m,baseline,baseline:macd_cross,unseen_coins,16,,,,6.9829436994666345,0.6711229946524064,0.660427807486631,0.018479465390472488,2226,10643,3.941326341672962,0.4883021704406652,0.47881135051607515,0.497801432001512,0.451470450061073,0.4420351468121266,0.4609407742347311,-0.0015765320636343854,-0.0017058883507520704,0.8072445920666266,-7.399066694198443,5306,5337,0.472107048624199,0.43535620052770446,-0.0017560487758668396,0.5044032227843358,0.4674910998688402,-0.0013980580754190206,-1.0881093256813614,18.28212854382906,7.511057682232301e-205
15m,baseline,baseline:random_2pct,train_coins,16,,,,6.9829436994666345,0.6711229946524064,0.660427807486631,0.018479465390472488,2226,22607,2.5115540150202196,0.4968814968814969,0.4903648534700777,0.5033991999652444,0.4361923298093511,0.42973914886294146,0.442667192703752,-0.0014064392013351439,-0.0014,0.7619496060336758,-13.332263382151508,11325,11282,0.4913907284768212,0.42931567328918324,-0.0015355560048247467,0.5023931926963304,0.44309519588725405,-0.0012768302845189985,-0.5881941892725737,31.857086993790183,0.0
15m,baseline,baseline:random_2pct,unseen_coins,16,,,,6.9829436994666345,0.6711229946524064,0.660427807486631,0.018479465390472488,2226,6715,2.486705476306863,0.5133283693224125,0.5013691883235883,0.5252723089249851,0.4723752792256143,0.4604535187171701,0.48432862944360805,-0.000996119329505134,-0.0009232040686585773,0.8742712630759178,-3.549360448568581,3360,3355,0.5005952380952381,0.4636904761904762,-0.0008774779097936555,0.526080476900149,0.4810730253353204,-0.0011149375620626803,-0.5219701840666328,6.719901295617277,6.237061604192678e-107
30m,rules,rules:top3_or,train_coins,4,,,,8.161334904329609,0.676416819012797,0.6581352833638026,0.013523104997625357,2226,137,0.030479665391118627,0.5401459854014599,0.4567330035960643,0.6213689208353537,0.5401459854014599,0.4567330035960643,0.6213689208353537,0.029464879622555493,0.0031795170691089735,3.699058781779185,3.498329455341462,137,0,0.5401459854014599,0.5401459854014599,0.029464879622555493,,,,0.1544392108324121,0.2575665362925834,0.8909383759355155
30m,rules,rules:top3_or,unseen_coins,4,,,,8.161334904329609,0.676416819012797,0.6581352833638026,0.013523104997625357,2226,103,0.07638456290231675,0.5728155339805825,0.476361241327509,0.6640335112782175,0.5631067961165048,0.4667581695380517,0.6549172827202446,0.00980980943425782,0.004268934240362855,1.8019456832053429,1.4259584347424603,103,0,0.5728155339805825,0.5631067961165048,0.00980980943425782,,,,0.20983719815677163,0.26933579702404364,0.306094442889006
30m,meta,meta:rule_top1&logit_agree,train_coins,4,,,,7.485952467952064,0.7148014440433214,0.6931407942238267,0.018208744908604017,2226,108,0.024027765417816142,0.5925925925925926,0.4982925984402363,0.6805317388367697,0.5925925925925926,0.4982925984402363,0.6805317388367697,0.03767545003751073,0.005775887106291245,4.5494497387471124,3.6022939442041717,108,0,0.5925925925925926,0.5925925925925926,0.03767545003751073,,,,0.159028885366935,0.23864915648326201,0.9411044037951396
30m,meta,meta:rule_top1&logit_agree,unseen_coins,4,,,,7.485952467952064,0.7148014440433214,0.6931407942238267,0.018208744908604017,2226,82,0.0608110112426211,0.573170731707317,0.46521012598662703,0.6745822357587271,0.5609756097560976,0.45322727057239914,0.6632663642153962,0.01184400523526694,0.004083463997585813,1.9126122118478397,1.3930645157153427,82,0,0.573170731707317,0.5609756097560976,0.01184400523526694,,,,0.20499668693507342,0.2831015509479062,0.36993816319551953
30m,logit,logit:all:C=0.05,train_coins,16,,,0.02,2.853038579483229,0.5675276752767527,0.5291512915129152,0.0010637355397055785,2226,4267,0.9493192133131618,0.5195687836887743,0.5045668708476739,0.5345354924898004,0.4825404265291774,0.46756947864155496,0.497542784009441,-0.0015291425596820033,-0.0006973554253974377,0.8275020509193812,-3.950196330666924,1841,2426,0.5149375339489408,0.4915806626833243,-0.0013824301586397268,0.5230832646331409,0.4756801319043693,-0.0016404770734160638,-0.17438757890850026,6.675451673005019,8.612731084010702e-61
30m,logit,logit:all:C=0.05,unseen_coins,16,,,0.02,2.853038579483229,0.5675276752767527,0.5291512915129152,0.0010637355397055785,2226,1189,0.881759663018006,0.5576114381833474,0.5292393510724577,0.5856124448407634,0.5365853658536586,0.508168434018929,0.5647666480573501,-0.0006323329226824849,0.0021780114930067384,0.9483431592622992,-0.5951927576656612,640,549,0.528125,0.509375,-0.0007100723223920968,0.5919854280510018,0.5683060109289617,-0.0005417077572650871,-0.08758570908437562,1.6024687080537523,3.5932773798948287e-13
30m,baseline,baseline:rsi_30_70_cross,train_coins,4,,,,8.161334904329609,0.676416819012797,0.6581352833638026,0.013523104997625357,2226,11008,2.449052238141853,0.4881904069767442,0.47885822324772376,0.4975308305141829,0.4141533430232558,0.40498301339333614,0.42338356972206204,-0.0019413497761169433,-0.0014987096549514565,0.61661228790448,-14.54559248282834,5563,5445,0.4964946971058781,0.4208161064174007,-0.0017656050873947843,0.4797061524334252,0.407346189164371,-0.0021209030733366618,-0.6421378697503518,21.43858645668999,8.058302045647541e-260
30m,baseline,baseline:rsi_30_70_cross,unseen_coins,4,,,,8.161334904329609,0.676416819012797,0.6581352833638026,0.013523104997625357,2226,3139,2.327875174275459,0.49378783051927366,0.4763158295875858,0.5112750181344248,0.4485504937878305,0.4312251188091467,0.46600164565776114,-0.0020212720229996874,-0.0014,0.7133268899034974,-5.6285532863429895,1634,1505,0.4969400244798042,0.4504283965728274,-0.0015209539928775773,0.49036544850498337,0.44651162790697674,-0.0025644744557036924,-0.8282708825910586,6.632558831986285,6.511140335196337e-60
30m,baseline,baseline:macd_cross,train_coins,4,,,,8.161334904329609,0.676416819012797,0.6581352833638026,0.013523104997625357,2226,28924,6.434991545786242,0.48679297469229704,0.481034807622586,0.4925546495320743,0.4019845111326234,0.39634737614001736,0.40764767892140136,-0.0013600549599323453,-0.0015236896722165426,0.6937179781667586,-20.709108781136607,14431,14493,0.4885316332894463,0.4021897304414109,-0.0013531566138275818,0.48506175395018286,0.40178016973711445,-0.0013669237954141527,-0.9142359111769639,39.384015117044335,0.0
30m,baseline,baseline:macd_cross,unseen_coins,4,,,,8.161334904329609,0.676416819012797,0.6581352833638026,0.013523104997625357,2226,8668,6.428168846963899,0.4943470235348408,0.48382645289478754,0.5048726026783678,0.4425473004153207,0.4321186782794959,0.4530268253007355,-0.001137405755549121,-0.0014,0.8082129112492724,-6.7030300800303655,4309,4359,0.4724994198189835,0.4221397075887677,-0.001232744177365836,0.5159440238586832,0.4627208075246616,-0.001043160915079237,-0.9863857296851477,10.225291309128568,2.6756375081337794e-132
30m,baseline,baseline:random_2pct,train_coins,4,,,,8.161334904329609,0.676416819012797,0.6581352833638026,0.013523104997625357,2226,16029,3.5661208507608793,0.49454114417618067,0.4868032721891178,0.502281632136264,0.4059517125210556,0.39837272114597666,0.41357577337417134,-0.0014030429954204008,-0.0014,0.6798543033360147,-15.505123271819299,8023,8006,0.48672566371681414,0.39997507166895174,-0.0014007030767033371,0.5023732200849363,0.41194104421683736,-0.0014053878827382878,-0.6844978531975657,22.65586673380071,0.0
30m,baseline,baseline:random_2pct,unseen_coins,4,,,,8.161334904329609,0.676416819012797,0.6581352833638026,0.013523104997625357,2226,4891,3.6271543413129246,0.4933551420977305,0.4793542182409445,0.5073664960718537,0.4385606215497853,0.4247075344169043,0.45251014715219895,-0.0018055925821361192,-0.0014,0.7002842242210182,-8.037665705943448,2465,2426,0.4746450304259635,0.4150101419878296,-0.002007090341969459,0.5123660346248969,0.4624896949711459,-0.00160085557554536,-1.182784301676056,8.830168237162425,3.7683876305456275e-101
1h,rules,rules:top1,train_coins,3,,,,6.712018680198743,0.5893617021276596,0.574468085106383,0.009755694487860374,2968,92,0.041042112776588154,0.5652173913043478,0.4633206191683021,0.6618859717066414,0.5543478260869565,0.45263522635441744,0.6517035993747023,0.0038735099258509057,0.004535474041934063,1.3701694337070054,1.1296561403041188,92,0,0.5652173913043478,0.5543478260869565,0.0038735099258509057,,,,0.04993490909288809,0.23722267211052678,0.27690781000575027
1h,rules,rules:top1,unseen_coins,3,,,,6.712018680198743,0.5893617021276596,0.574468085106383,0.009755694487860374,2968,89,0.13234594337378064,0.5842696629213483,0.48046915166647025,0.6810963534519249,0.5617977528089888,0.45828020628708993,0.6602011641330665,0.00779785245185905,0.003378636683063997,1.8429782573777744,1.8577087318576482,89,0,0.5842696629213483,0.5617977528089888,0.00779785245185905,,,,0.2737249366915099,0.1728122464527188,0.5622510135948456
1h,meta,meta:rule_top1&logit_agree,train_coins,3,,,,7.273143872723802,0.5943820224719101,0.5786516853932584,0.011102929657561692,2968,88,0.039257673090649536,0.5795454545454546,0.47520562869626837,0.6772307400081098,0.5681818181818182,0.4639848298332293,0.6666749147705233,0.0048163538156706385,0.007639014943150514,1.4682058118712897,1.3523053487087568,88,0,0.5795454545454546,0.5681818181818182,0.0048163538156706385,,,,0.059776813708478455,0.23722267211052694,0.3695286202255275
1h,meta,meta:rule_top1&logit_agree,unseen_coins,3,,,,7.273143872723802,0.5943820224719101,0.5786516853932584,0.011102929657561692,2968,88,0.13085891030216512,0.5795454545454546,0.47520562869626837,0.6772307400081098,0.5568181818181818,0.45281603242067786,0.6560670880824492,0.007954260359839331,0.0035054568391846407,1.850224915369617,1.8734161246385386,88,0,0.5795454545454546,0.5568181818181818,0.007954260359839331,,,,0.2760393496136252,0.1728122464527188,0.572017316361771
1h,logit,logit:all_top20:C=0.05,train_coins,12,,,0.005,4.357754146566461,0.5686900958466453,0.5376540392514834,0.004257770057769643,2968,1061,0.4733226266952177,0.5636192271442035,0.5336009678973475,0.5931784516895656,0.530631479736098,0.500545225191196,0.5604967175728733,0.0012401447506618698,0.0014789585680309982,1.131938983554281,1.3010378761557382,488,573,0.5737704918032787,0.5389344262295082,0.004159281605253117,0.5549738219895288,0.5235602094240838,-0.0012459613314332954,0.05751060500122712,0.6324784580535929,2.5591807793083846e-06
1h,logit,logit:all_top20:C=0.05,unseen_coins,12,,,0.005,4.357754146566461,0.5686900958466453,0.5376540392514834,0.004257770057769643,2968,253,0.3762193671187247,0.541501976284585,0.47993951238677035,0.6018229435393725,0.5138339920948617,0.45250056791216925,0.5747535840632118,0.0007697196044089315,0.0009900730118193714,1.0507309493549795,0.25817403368965447,135,118,0.5703703703703704,0.5555555555555556,0.007598332727595354,0.5084745762711864,0.4661016949152542,-0.007042676765338242,0.0380407702322775,0.8740318471660169,0.004655385978795007
1h,baseline,baseline:rsi_30_70_cross,train_coins,3,,,,6.712018680198743,0.5893617021276596,0.574468085106383,0.009755694487860374,2968,6094,2.7185938615274803,0.4985231375123072,0.4859742879150936,0.5110738479367791,0.43370528388578933,0.4213079461959613,0.44618615204365203,-0.0019597825836428057,-0.0014,0.659941350389814,-10.779443580324978,3087,3007,0.5017816650469712,0.43893747975380626,-0.0017552415413814458,0.4951779181908879,0.42833388759561025,-0.002169765356326816,-0.47649060280461464,11.956796681931934,3.635972587533897e-135
1h,baseline,baseline:rsi_30_70_cross,unseen_coins,3,,,,6.712018680198743,0.5893617021276596,0.574468085106383,0.009755694487860374,2968,1785,2.65435403283369,0.5058823529411764,0.4827005683037363,0.5290388724606108,0.46554621848739497,0.44250441431430504,0.4887360040659472,-0.002240578883578715,-0.0011313272434174003,0.7201110248743445,-4.683701102101752,924,861,0.5010822510822511,0.4556277056277056,-0.0015040249528605544,0.5110336817653891,0.47619047619047616,-0.0030310270043494235,-0.6901220657840978,4.165684967536639,8.419551446940782e-35
1h,baseline,baseline:macd_cross,train_coins,3,,,,6.712018680198743,0.5893617021276596,0.574468085106383,0.009755694487860374,2968,15166,6.76570306923626,0.4923513121455888,0.48439743282405484,0.5003090653637707,0.42146907556376106,0.4136309434779266,0.42934698188155784,-0.0014012488349838886,-0.0014,0.740097486421054,-11.761393213968617,7556,7610,0.49219163578613023,0.4139756484912652,-0.0013118257812032264,0.49250985545335085,0.4289093298291721,-0.0014900373493553316,-0.5198963472080306,21.283424876777055,1.440464503669693e-251
1h,baseline,baseline:macd_cross,unseen_coins,3,,,,6.712018680198743,0.5893617021276596,0.574468085106383,0.009755694487860374,2968,4610,6.855222460147513,0.48698481561822127,0.4725729157403321,0.5014183890326795,0.44642082429501084,0.4321208196783993,0.46081005163716554,-0.0018699624902505773,-0.001748390677142929,0.7473388072684459,-6.732861722856084,2298,2312,0.4795474325500435,0.43777197563098347,-0.0019804183519961816,0.4943771626297578,0.45501730103806226,-0.001760175478878866,-0.9920565679844652,8.673781480541129,4.7653728266775874e-80
1h,baseline,baseline:random_2pct,train_coins,3,,,,6.712018680198743,0.5893617021276596,0.574468085106383,0.009755694487860374,2968,8247,3.67906852248394,0.49933309082090455,0.4885445163138606,0.5101222863550937,0.42742815569297926,0.41678724518452576,0.4381366452462395,-0.001347003523879133,-0.0014,0.7401469562984384,-8.83355775555217,4126,4121,0.49369849733397964,0.4146873485215705,-0.0014265188708030444,0.5049745207473915,0.4401844212569765,-0.001267391701164244,-0.39047537365797275,11.152637908922886,1.3639912569827111e-139
1h,baseline,baseline:random_2pct,unseen_coins,3,,,,6.712018680198743,0.5893617021276596,0.574468085106383,0.009755694487860374,2968,2457,3.653640256959315,0.5087505087505088,0.4889845412482756,0.5284891555552894,0.46967846967846966,0.4500067788817212,0.4894448298687159,-0.0011282385115245544,-0.001039345050611805,0.8327983069383368,-3.0642512152751844,1256,1201,0.4968152866242038,0.46337579617834396,-0.0014248008258995212,0.5212323064113239,0.47626977518734387,-0.0008180950753422411,-0.4515034868083692,2.976787859648566,2.3936415047301764e-33
4h,rules,rules:top3_or,train_coins,6,,,,6.129448349090778,0.5444699704627503,0.5244502789629143,0.006417857749999094,2226,250,0.45322697606961565,0.528,0.46616146221553695,0.5889910423384842,0.508,0.4463768324746957,0.5693810259693104,0.0050334588944604425,0.0013647669557858135,1.362026798486885,1.7273638004113576,95,155,0.5789473684210527,0.5789473684210527,0.010955595732844109,0.4967741935483871,0.4645161290322581,0.0014037621225478733,0.07696242526571496,0.5281270499659876,0.20078726471517344
4h,rules,rules:top3_or,unseen_coins,6,,,,6.129448349090778,0.5444699704627503,0.5244502789629143,0.006417857749999094,2226,118,0.7130771090161954,0.5932203389830508,0.503005656466807,0.677556647376872,0.576271186440678,0.4860897932482682,0.6616430008056511,0.012010811177242876,0.008890162322847296,1.6093689210075155,1.8294625142867555,99,19,0.6161616161616161,0.6060606060606061,0.014815589657454453,0.47368421052631576,0.42105263157894735,-0.002603560903859522,0.2717047252363999,0.310935140272366,0.5250574401464017
4h,meta,meta:rule_top1&logit_agree,train_coins,6,,,,5.619701806669773,0.5570980743394537,0.5333631885356024,0.007335492518048547,2226,139,0.2519941986947063,0.5539568345323741,0.47097449571536915,0.6340369295276973,0.539568345323741,0.45675728072958827,0.6202510977819937,0.0056796548961388785,0.003757407867906749,1.3461932522460798,1.292719570677078,75,64,0.5733333333333334,0.5733333333333334,0.01202870482353493,0.53125,0.5,-0.0017606379875283707,0.05759691926163371,0.37935212800578394,0.2677033222782077
4h,meta,meta:rule_top1&logit_agree,unseen_coins,6,,,,5.619701806669773,0.5570980743394537,0.5333631885356024,0.007335492518048547,2226,92,0.5559584239787285,0.6086956521739131,0.5065323092393206,0.7021453422189189,0.5978260869565217,0.49565787685217577,0.6921520094602397,0.01809874165198472,0.01002375381380012,1.958890873834797,2.2597830629575557,81,11,0.6172839506172839,0.6049382716049383,0.019959544330645135,0.5454545454545454,0.5454545454545454,0.004396467381848985,0.33561427546064143,0.2043067572668933,0.7540325881881582
4h,logit,logit:mom:C=0.05,train_coins,3,,,0.005,5.136901452373717,0.5818363273453094,0.5528942115768463,0.007757715699396722,2226,336,0.6091370558375635,0.5446428571428571,0.4911877781052109,0.5970886424389484,0.5029761904761905,0.4497831316298319,0.5561019630731121,0.0022064780105708805,0.00015731367455003157,1.2042510877528463,1.1249022697869593,130,206,0.6,0.5769230769230769,0.00874889024004877,0.5097087378640777,0.4563106796116505,-0.0019222287361870094,0.05011984554098842,0.4981558085218168,0.03212493913421535
4h,logit,logit:mom:C=0.05,unseen_coins,3,,,0.005,5.136901452373717,0.5818363273453094,0.5528942115768463,0.007757715699396722,2226,57,0.34445250181290793,0.6140350877192983,0.48429496444322906,0.7293746300447529,0.5964912280701754,0.46697058444753836,0.7138267647346,0.005681043007180021,0.006686934546373436,1.241031024821733,0.6178254238581864,34,23,0.6176470588235294,0.5882352941176471,0.011394192364467773,0.6086956521739131,0.6086956521739131,-0.0027644821296801346,0.09175705198796928,0.42843940141706705,0.2732120860815089
4h,baseline,baseline:rsi_30_70_cross,train_coins,6,,,,6.129448349090778,0.5444699704627503,0.5244502789629143,0.006417857749999094,2226,1305,2.3658448150833937,0.5218390804597701,0.4947124073510139,0.5488375531636885,0.49885057471264366,0.47176567111779044,0.525942225697225,-0.0020274894827402193,-5.854800936770806e-05,0.8567034120267015,-1.8602754193810482,641,664,0.5273010920436817,0.5023400936037441,-0.0003462263884227779,0.516566265060241,0.4954819277108434,-0.0036505160542123273,-0.0828842817614132,2.8542617664808487,5.6021910712078465e-15
4h,baseline,baseline:rsi_30_70_cross,unseen_coins,6,,,,6.129448349090778,0.5444699704627503,0.5244502789629143,0.006417857749999094,2226,403,2.435339618080735,0.5086848635235732,0.460023865431635,0.5571818480450597,0.49627791563275436,0.447728142866228,0.5448979799294743,-0.0017412378862534988,-0.0007166354695902642,0.9135438920007667,-0.6349648073687835,221,182,0.4298642533936652,0.416289592760181,-0.003814666253684415,0.6043956043956044,0.5934065934065934,0.0007764965599126155,-0.09430252720328607,1.3707220703023428,4.958741827685863e-05
4h,baseline,baseline:macd_cross,train_coins,6,,,,6.129448349090778,0.5444699704627503,0.5244502789629143,0.006417857749999094,2226,3271,5.9300217548948515,0.5105472332619994,0.4934136530930695,0.5276560682638352,0.4891470498318557,0.4720387973212964,0.5062807647607294,-0.0005308863060566151,-0.0005598403696702046,0.9609267066931447,-0.7368879713362488,1616,1655,0.48824257425742573,0.46782178217821785,-0.0017114634087525282,0.5323262839879154,0.5099697885196375,0.0006218705507147421,-0.032831928867366966,2.812302447248262,5.4903361988661116e-24
4h,baseline,baseline:macd_cross,unseen_coins,6,,,,6.129448349090778,0.5444699704627503,0.5244502789629143,0.006417857749999094,2226,951,5.746918056562727,0.4942166140904311,0.462527309840669,0.5259524547611245,0.4773922187171398,0.4458007962341402,0.5091655563001438,-0.002318367032459239,-0.002482251082251018,0.8853200927266811,-1.277099921254813,458,493,0.45633187772925765,0.4388646288209607,-0.003860717519987763,0.5294117647058824,0.513184584178499,-0.000885514044045316,-0.1896699607093332,3.069025757842951,1.6467284856417631e-10
4h,baseline,baseline:random_2pct,train_coins,6,,,,6.129448349090778,0.5444699704627503,0.5244502789629143,0.006417857749999094,2226,1829,3.315808556925308,0.4811372334609076,0.4583020914089317,0.5040514474893559,0.45434663750683435,0.4316468058260691,0.47723784629007654,-0.0018594775893215566,-0.002370873786407811,0.8670313372332642,-2.0780112719359387,937,892,0.44930629669156885,0.4204909284951974,-0.0030506536281540366,0.5145739910313901,0.4899103139013453,-0.0006082085888887845,-0.0925854687817339,4.064170010826372,9.186908739742976e-20
4h,baseline,baseline:random_2pct,unseen_coins,6,,,,6.129448349090778,0.5444699704627503,0.5244502789629143,0.006417857749999094,2226,581,3.510998307952623,0.4905335628227194,0.4500794601212863,0.5311120283090852,0.4802065404475043,0.43984461255087237,0.5208284996217226,-0.0015557494325386162,-0.002209061488673213,0.9197289827436192,-0.6757849018892582,301,280,0.45514950166112955,0.4485049833887043,-0.001652802166893296,0.5285714285714286,0.5142857142857142,-0.0014514177431073341,-0.10036497039586137,1.8084711159891118,2.2230164645976543e-06
1d,rules,rules:top1,train_coins,10,,,,0.4313189077134895,0.5168539325842697,0.5168539325842697,0.008522700934163943,2968,235,2.8588807785888077,0.4765957446808511,0.41362862695668406,0.5403157445430883,0.4723404255319149,0.40946890141189735,0.5361017194514699,-0.009278249351539402,-0.00645251206358226,0.8244280552904559,-1.0492789298579739,231,4,0.4805194805194805,0.4805194805194805,-0.007735236704882398,0.25,0.0,-0.09838722969598171,-0.04944091250337922,2.786022897815138,2.308951718410577e-07
1d,rules,rules:top1,unseen_coins,10,,,,0.4313189077134895,0.5168539325842697,0.5168539325842697,0.008522700934163943,2968,65,2.635847526358475,0.47692307692307695,0.36021590253064156,0.5962057959772373,0.47692307692307695,0.36021590253064156,0.5962057959772373,-0.007974116691935304,-0.038423115955647444,0.9014623807533962,-0.30984775400453596,64,1,0.46875,0.46875,-0.008497870199378525,1.0,1.0,0.025546107784431074,-0.04866566063985918,2.6206521939269227,0.008227031637421965
1d,meta,meta:rule_top1&logit_agree,train_coins,2,1.5,1.5,,0.7879664270327731,0.5744047619047619,0.5565476190476191,0.0057311166957982025,2968,928,11.289537712895378,0.46875,0.43683764022667637,0.5009200215905251,0.46012931034482757,0.4282917945813289,0.4922955670475144,-0.0023109256703020605,-0.004383779220448957,0.8909762184173515,-1.344805836060432,809,119,0.4610630407911001,0.45241038318912236,-0.003146389572767565,0.5210084033613446,0.5126050420168067,0.003368824725450819,-0.06336582750565395,2.461013060131556,6.904704412935334e-21
1d,meta,meta:rule_top1&logit_agree,unseen_coins,2,1.5,1.5,,0.7879664270327731,0.5744047619047619,0.5565476190476191,0.0057311166957982025,2968,247,10.016220600162207,0.46963562753036436,0.40833652874764553,0.5318647775747508,0.46558704453441296,0.4043819736698558,0.5278461734955266,-0.00042174234051387487,-0.007296226415094352,0.9863251512847047,-0.08533646216919874,197,50,0.45685279187817257,0.4517766497461929,-0.00021905686425963177,0.52,0.52,-0.001220323116955603,-0.01340321255990647,1.5301763266016144,1.4144107354209244e-05
1d,logit,logit:plus_corr:C=0.05,train_coins,2,,,0.05,3.4486075585176796,0.557648401826484,0.53824200913242,0.005018507526697209,2968,552,6.7153284671532845,0.49818840579710144,0.4566340182024592,0.5397678344116669,0.4855072463768116,0.4440575758694608,0.5271572450435474,-0.003742153139503636,-0.0014623800157087961,0.8337193730925347,-1.543872637567568,389,163,0.46272493573264784,0.455012853470437,-0.00753697294618251,0.5828220858895705,0.558282208588957,0.005314195969687053,-0.07274564447860511,2.2658511037234463,8.412430575984165e-15
1d,logit,logit:plus_corr:C=0.05,unseen_coins,2,,,0.05,3.4486075585176796,0.557648401826484,0.53824200913242,0.005018507526697209,2968,163,6.609894566098946,0.44785276073619634,0.37358701746130957,0.5245199294871734,0.44785276073619634,0.37358701746130957,0.5245199294871734,-0.006352324179076547,-0.00882009132420085,0.786001199280105,-1.1557113119804212,64,99,0.34375,0.34375,-0.016041497515796466,0.5151515151515151,0.5151515151515151,-8.861616341922902e-05,-0.18151964563106765,1.2413332015624963,3.8828231436169205e-06
1d,baseline,baseline:rsi_30_70_cross,train_coins,10,,,,0.4313189077134895,0.5168539325842697,0.5168539325842697,0.008522700934163943,2968,142,1.7274939172749393,0.4788732394366197,0.39835089065203017,0.5605085842851618,0.47183098591549294,0.39154906128510736,0.5535969052978154,-0.0066324714140294835,-0.0031713334786726433,0.8458132754130313,-0.6883214172194171,82,60,0.3902439024390244,0.3902439024390244,-0.017533777962099557,0.6,0.5833333333333334,0.008265980868332938,-0.03243297658474235,1.6185857056304687,7.591809552402493e-05
1d,baseline,baseline:rsi_30_70_cross,unseen_coins,10,,,,0.4313189077134895,0.5168539325842697,0.5168539325842697,0.008522700934163943,2968,54,2.18978102189781,0.48148148148148145,0.3539375603654322,0.6114852495153457,0.46296296296296297,0.33689688992410527,0.5939487298374505,-0.032178758077946464,-0.01526686921855673,0.5888037294212085,-1.4063113329429364,32,22,0.375,0.34375,-0.041121484977610194,0.6363636363636364,0.6363636363636364,-0.019171155314799206,-0.2208796713820525,1.9588971639470085,0.0005428871146102032
1d,baseline,baseline:macd_cross,train_coins,10,,,,0.4313189077134895,0.5168539325842697,0.5168539325842697,0.008522700934163943,2968,398,4.841849148418492,0.4371859296482412,0.3892824406369706,0.48629042190389127,0.4296482412060301,0.38191488510989,0.4787267209358752,-0.024257030962048558,-0.011589058303503085,0.5513387659477943,-4.2265444633095965,181,217,0.3701657458563536,0.3701657458563536,-0.03023168856896491,0.4930875576036866,0.4792626728110599,-0.019273560792224326,-0.19915030127443437,9.786697798963282,5.405366193946365e-21
1d,baseline,baseline:macd_cross,unseen_coins,10,,,,0.4313189077134895,0.5168539325842697,0.5168539325842697,0.008522700934163943,2968,128,5.19059205190592,0.5078125,0.4222456986856391,0.5929240201284529,0.5078125,0.4222456986856391,0.5929240201284529,-0.020354298926900164,0.010905212907333163,0.7416262543028268,-1.1836939971697211,56,72,0.35714285714285715,0.35714285714285715,-0.026924389155742613,0.625,0.625,-0.015244228748911605,-0.18591469398502328,3.0059725498996825,1.9364542676495686e-05
1d,baseline,baseline:random_2pct,train_coins,10,,,,0.4313189077134895,0.5168539325842697,0.5168539325842697,0.008522700934163943,2968,228,2.7737226277372264,0.5175438596491229,0.45293000626135066,0.5815763118454949,0.5175438596491229,0.45293000626135066,0.5815763118454949,0.004928633158566597,0.0032562458721810527,1.1281952643697233,0.6479831116372794,115,113,0.4782608695652174,0.4782608695652174,-0.0008288013747322446,0.5575221238938053,0.5575221238938053,0.01078796918803002,0.030532278324184505,2.21458419092885,0.0004973236920825556
1d,baseline,baseline:random_2pct,unseen_coins,10,,,,0.4313189077134895,0.5168539325842697,0.5168539325842697,0.008522700934163943,2968,66,2.67639902676399,0.4696969696969697,0.35430230971911897,0.5884252337506756,0.4696969696969697,0.35430230971911897,0.5884252337506756,-0.007552622590010349,-0.007310391311231167,0.8649373986990961,-0.41149123999034737,26,40,0.34615384615384615,0.34615384615384615,-0.008311218518174903,0.55,0.55,-0.0070595352367033935,-0.06463010553677254,0.9396233132423463,0.0059491533427427365
1w,rules,rules:top3_or,train_coins,2,2.0,1.0,,1.6847503144059468,0.543010752688172,0.5268817204301075,0.02622832513728269,2226,58,5.087719298245614,0.6551724137931034,0.5266753715786766,0.7643908362814045,0.6379310344827587,0.5092728615828535,0.7494526565149966,0.011799917505790448,0.016335350265537577,1.3932871305645411,0.7910139565412418,23,35,0.7391304347826086,0.7391304347826086,0.05193514743163457,0.6,0.5714285714285714,-0.014574662159764256,0.03777621091388624,0.7542968873458875,0.01414496730098887
1w,rules,rules:top3_or,unseen_coins,2,2.0,1.0,,1.6847503144059468,0.543010752688172,0.5268817204301075,0.02622832513728269,2226,20,5.847953216374269,0.45,0.25819502085709295,0.6579179916924003,0.45,0.25819502085709295,0.6579179916924003,0.03989232235891111,-0.027508413006397545,1.5667296938565107,0.7323279674538475,15,5,0.4666666666666667,0.4666666666666667,0.06059907991220508,0.4,0.4,-0.02222795030097079,0.11657854044126378,0.6473338695366685,0.1581867551810464
1w,meta,meta:rule_top1&logit_agree,train_coins,2,2.0,1.0,,0.7913131878410145,0.5588235294117647,0.5588235294117647,0.03995137329197342,2226,5,0.43859649122807015,0.6,0.23071993220883702,0.8823817688407467,0.6,0.23071993220883702,0.8823817688407467,0.001037826521354493,0.0014142589118200778,1.0433971135694722,0.03799854340157425,5,0,0.6,0.6,0.001037826521354493,,,,0.0018146847828512218,0.11815896105511305,0.22474731536760967
1w,meta,meta:rule_top1&logit_agree,unseen_coins,2,2.0,1.0,,0.7913131878410145,0.5588235294117647,0.5588235294117647,0.03995137329197342,2226,1,0.29239766081871343,0.0,0.0,0.7934567085261071,0.0,0.0,0.7934567085261071,-0.18615658419792497,-0.18615658419792497,0.0,0.0,1,0,0.0,0.0,-0.18615658419792497,,,,0.0,0.0,
1w,logit,logit:all:C=0.05,train_coins,4,1.5,1.5,0.02,2.4810329074090047,0.5789473684210527,0.5488721804511278,0.04139424507096067,2226,62,5.43859649122807,0.5161290322580645,0.3944724746061819,0.6359034579349471,0.5161290322580645,0.3944724746061819,0.6359034579349471,0.006604617882369203,0.0010680556685459097,1.0960960470703671,0.2948663418099263,53,9,0.4528301886792453,0.4528301886792453,-0.019369281085800678,0.8888888888888888,0.8888888888888888,0.15956202291714738,0.014081841448567525,1.3914604913553317,0.0026130228770617422
1w,logit,logit:all:C=0.05,unseen_coins,4,1.5,1.5,0.02,2.4810329074090047,0.5789473684210527,0.5488721804511278,0.04139424507096067,2226,9,2.6315789473684212,0.6666666666666666,0.35419734749908977,0.8794184013172571,0.6666666666666666,0.35419734749908977,0.8794184013172571,0.02419217345562312,0.06597247353224252,1.2676042560442022,0.27175374541171876,7,2,0.5714285714285714,0.5714285714285714,-0.0574905455601466,1.0,1.0,0.31008169001081715,0.04326020090382732,0.7145036460828023,0.19498316217349332
1w,baseline,baseline:rsi_30_70_cross,train_coins,2,2.0,1.0,,1.6847503144059468,0.543010752688172,0.5268817204301075,0.02622832513728269,2226,27,2.3684210526315788,0.14814814814814814,0.0591583185964489,0.3247906334682948,0.14814814814814814,0.0591583185964489,0.3247906334682948,-0.0505872382494928,-0.0538537695590328,0.2762802865034953,-2.5258957666976483,21,6,0.09523809523809523,0.09523809523809523,-0.056038523059842346,0.3333333333333333,0.3333333333333333,-0.03150774141326939,-0.12062842942302476,1.406003605912643,1.071148971922282e-05
1w,baseline,baseline:rsi_30_70_cross,unseen_coins,2,2.0,1.0,,1.6847503144059468,0.543010752688172,0.5268817204301075,0.02622832513728269,2226,3,0.8771929824561403,0.3333333333333333,0.061490315276160515,0.7923450448735121,0.3333333333333333,0.061490315276160515,0.7923450448735121,0.011348457141926727,-0.10281917618553131,1.1338453248970701,0.08150139687656988,3,0,0.3333333333333333,0.3333333333333333,0.011348457141926727,,,,0.012974124045581367,0.15154436958614054,0.31135679248316783
1w,baseline,baseline:macd_cross,train_coins,2,2.0,1.0,,1.6847503144059468,0.543010752688172,0.5268817204301075,0.02622832513728269,2226,55,4.824561403508772,0.6181818181818182,0.48608979282392384,0.7348423368258477,0.5636363636363636,0.43269584078681317,0.6862676136399869,0.015615629456101584,0.005530907515702689,1.5011448498835842,0.8981445715014873,27,28,0.5555555555555556,0.48148148148148145,-0.012966236188726707,0.6785714285714286,0.6428571428571429,0.043176714185043145,0.04289241483495015,0.6247918772430558,0.022403622617409708
1w,baseline,baseline:macd_cross,unseen_coins,2,2.0,1.0,,1.6847503144059468,0.543010752688172,0.5268817204301075,0.02622832513728269,2226,16,4.678362573099415,0.4375,0.2309836333518552,0.6682180439322348,0.4375,0.2309836333518552,0.6682180439322348,-0.02115743447318004,-0.0134754720392906,0.6961222636167815,-0.554978664254969,8,8,0.625,0.625,0.016528444673492057,0.25,0.25,-0.05884331361985214,-0.08834648617863125,0.5791854825700673,0.019800635168729454
1w,baseline,baseline:random_2pct,train_coins,2,2.0,1.0,,1.6847503144059468,0.543010752688172,0.5268817204301075,0.02622832513728269,2226,47,4.12280701754386,0.5531914893617021,0.4124521373875824,0.685892525250887,0.5106382978723404,0.37242217589372884,0.6472467566339649,0.020632861299936595,0.002218817852834799,1.4074464644644344,0.8227897099306578,21,26,0.38095238095238093,0.38095238095238093,-0.025895477136656714,0.6923076923076923,0.6153846153846154,0.05821344234487732,0.03929371582269329,0.6674210376750724,0.03148789273860502
1w,baseline,baseline:random_2pct,unseen_coins,2,2.0,1.0,,1.6847503144059468,0.543010752688172,0.5268817204301075,0.02622832513728269,2226,11,3.216374269005848,0.36363636363636365,0.15166223614131386,0.6462032231083628,0.36363636363636365,0.15166223614131386,0.6462032231083628,0.013939711365890013,-0.03279356814701388,1.2435991030617672,0.2578409743874096,6,5,0.5,0.5,0.04137384683332842,0.2,0.2,-0.018981251195036068,0.04104544110823111,0.246120590241376,0.15811913356790047
