H,tp,sl,exit,avg_net_early,avg_net_hold25,avg_net_locked,avg_net_mid,trades_early,trades_hold25,trades_locked,trades_mid,tstat_early,tstat_hold25,tstat_locked,tstat_mid,robust
96,0.0,0.0,stoch<=-0.6,7.685034423402975e-05,-0.001865994733038172,-0.000537368226029534,-0.0006729366847876525,3187.0,564.0,677.0,821.0,0.12280776188093652,-1.4952704574754228,-0.4630129260316842,-0.6612600401383129,-0.6612600401383129
24,0.0,0.0,stoch<=-0.6,-0.0002947082085787512,-0.0020274712331572057,-0.0013648551158788533,-0.000711398802090529,3372.0,592.0,722.0,858.0,-0.5079454223673665,-1.725522097626175,-1.28677745181577,-0.7497416740683718,-0.7497416740683718
24,0.0,0.0,rsi<=-0.2,-0.0006954848274922722,-0.0035227091757180067,-7.63855768506263e-06,-0.001154928426528473,3253.0,577.0,718.0,839.0,-1.0494331044456924,-2.7581742230265895,-0.0064333365196913225,-1.1059312117175237,-1.1059312117175237
24,0.0,0.0,wt<=-1,-0.0007259985678662981,-0.0031309451316170276,-4.9901461676692836e-05,-0.001354096450119438,3257.0,577.0,718.0,839.0,-1.0981165310483616,-2.4111128149579995,-0.04169875696968032,-1.3038033077282627,-1.3038033077282627
24,2.0,0.0,stoch<=-0.6,0.00010830825760007955,-0.001898607780524073,-0.0015537516879204627,-0.001101645221617092,3700.0,626.0,778.0,938.0,0.21649820794977037,-1.7465237677241774,-1.702269052248307,-1.3542795897856899,-1.3542795897856899
96,2.0,0.0,stoch<=-0.6,0.00032022994505477695,-0.0019504477328721008,-0.0008717058507492504,-0.001185921635219889,3545.0,602.0,742.0,905.0,0.6056786068323659,-1.7006473856770778,-0.8872229630230658,-1.3691352609715517,-1.3691352609715517
24,2.0,0.0,wt<=-1,-5.742956627033662e-06,-0.0019212331748659156,-0.001162513861881794,-0.0012607354967560296,3607.0,621.0,777.0,922.0,-0.01072744410369509,-1.6923443527168083,-1.2189156612172056,-1.4681023346260254,-1.4681023346260254
24,2.0,0.0,rsi<=-0.2,-3.337616069202116e-05,-0.0019423642660349322,-0.0011750702522497233,-0.0013175118507464494,3604.0,621.0,777.0,922.0,-0.06224894660764979,-1.7105601024819852,-1.2317040533932324,-1.5345783125796029,-1.5345783125796029
24,2.0,0.0,none,-5.218167884279732e-05,-0.0019627948290696804,-0.001196486249216305,-0.0013338204552555738,3604.0,621.0,777.0,922.0,-0.097315972034378,-1.7290560214446729,-1.2542072505765185,-1.5534409544181746,-1.5534409544181746
96,0.0,0.0,wt<=-1,0.00016793144494368822,-0.004395489167546038,0.000789820114441166,-0.0024871651966634142,2816.0,509.0,627.0,751.0,0.196516915017208,-2.4543767049541025,0.4977074203737233,-1.8706357370257458,-1.8706357370257458
96,0.0,3.0,stoch<=-0.6,-0.0002075709607405029,-0.00187624056218475,-0.0009391213866827332,-0.0014120917995134122,4251.0,772.0,969.0,1118.0,-0.4405311632607419,-2.0850944830521545,-1.1542588591642187,-1.8783267217973194,-1.8783267217973194
24,0.0,0.0,none,-0.0012376798434128506,-0.003095439270627986,-8.854659779564239e-05,-0.001523799249658763,3253.0,577.0,718.0,838.0,-1.884389594153653,-2.309824221175941,-0.07338358184735666,-1.452189776064242,-1.884389594153653
24,0.0,3.0,stoch<=-0.6,-0.0003266909027058831,-0.00197200521124294,-0.0011160609862515339,-0.001392568195544167,4290.0,777.0,974.0,1125.0,-0.7083677229400364,-2.233437502788557,-1.3946938082192588,-1.8872712122440884,-1.8872712122440884
24,0.0,3.0,rsi<=-0.2,-0.0006637619801516753,-0.0029038119932248787,-0.0002482912582288161,-0.0015876155881614912,4173.0,758.0,970.0,1102.0,-1.2772693094285665,-2.9994113115892866,-0.27358290329816376,-1.969225758297237,-1.969225758297237
96,2.0,0.0,wt<=-1,0.0005881447955427415,-0.0039485565901944825,-0.0006075011247129316,-0.002175942413433107,3296.0,575.0,713.0,861.0,0.9333962380756142,-2.7223738308308505,-0.5242076030267113,-2.053686153461837,-2.053686153461837
96,0.0,0.0,rsi<=-0.2,0.00017007417966968382,-0.005201777881763666,6.480933422104913e-05,-0.002808302946909211,2772.0,502.0,625.0,746.0,0.19084307956171517,-2.794543078245455,0.040432260728264335,-2.065198235521209,-2.065198235521209
24,2.0,3.0,wt<=-1,-6.290687472913081e-05,-0.002232919889593034,-0.0010348056906802447,-0.0013935048086232184,4660.0,826.0,1043.0,1225.0,-0.154202385023325,-2.700526222601956,-1.5142307933689203,-2.1498488082931044,-2.1498488082931044
24,0.0,3.0,wt<=-1,-0.0006306722247116893,-0.0026330726698145573,-0.00034160619149228757,-0.0017256187137211264,4174.0,758.0,970.0,1102.0,-1.2107140796913443,-2.6806502941958206,-0.3740927335268709,-2.1524572184488444,-2.1524572184488444
24,2.0,3.0,none,-0.00010247280191477092,-0.0022653339077542993,-0.0010168477510568029,-0.00142668425805325,4658.0,826.0,1043.0,1225.0,-0.2508873765042347,-2.740626291866908,-1.4861950473617256,-2.201443211028305,-2.201443211028305
24,2.0,3.0,rsi<=-0.2,-8.990474388614765e-05,-0.0022603385783517907,-0.0010168477510568029,-0.0014275386474834318,4658.0,826.0,1043.0,1225.0,-0.22011957432218077,-2.7342579398782427,-1.4861950473617256,-2.2028210079560044,-2.2028210079560044
24,1.0,0.0,stoch<=-0.6,-0.00035480239144488094,-0.0024094531361485913,-0.0015396688432178557,-0.0013293431965746866,4844.0,752.0,998.0,1200.0,-1.0233117010385067,-2.990929745522596,-2.39471544425876,-2.3056520372913893,-2.3056520372913893
24,0.0,3.0,none,-0.0010913783927074623,-0.002673733396873678,-0.00048805669165708057,-0.0018766687657013755,4171.0,758.0,970.0,1101.0,-2.116891436280799,-2.640367361011139,-0.5302049096828729,-2.321360157883934,-2.321360157883934
96,1.0,0.0,stoch<=-0.6,-0.00023522400216949697,-0.0023739712781353263,-0.001054612964958178,-0.0014273931189892446,4730.0,732.0,974.0,1168.0,-0.6544671462753137,-2.8234343295602966,-1.5665860818762056,-2.3284322197947485,-2.3284322197947485
96,2.0,0.0,rsi<=-0.2,0.00043821402209156613,-0.004116292414110083,-0.0008719400368629584,-0.002510874187774117,3267.0,572.0,713.0,859.0,0.6781243663968272,-2.792439434694185,-0.7327462943830375,-2.331544234205961,-2.331544234205961
96,2.0,0.0,none,-0.00043866559285528486,-0.004543442173049047,-0.00096540039962012,-0.002869046937776303,3239.0,568.0,705.0,853.0,-0.6417679931999735,-2.949871779856555,-0.7609645713967663,-2.500614592757429,-2.500614592757429
24,1.0,0.0,wt<=-1,-0.0005021729252596777,-0.0025177588301752724,-0.0013793583694451334,-0.0015110193036982317,4767.0,749.0,997.0,1185.0,-1.3975199852179727,-3.0187437595054503,-2.0862812110051956,-2.5059015990143236,-2.5059015990143236
24,2.0,3.0,stoch<=-0.6,-3.7320329573570446e-07,-0.0020776984837004558,-0.0013146989582624505,-0.0015493317058830438,4749.0,830.0,1044.0,1238.0,-0.0009675718351960113,-2.5975933013146286,-2.0058475971920524,-2.5063241838867296,-2.5063241838867296
24,1.0,0.0,rsi<=-0.2,-0.0005042684591149809,-0.002521249668760784,-0.0013843406213705123,-0.0015169939220239885,4766.0,749.0,997.0,1185.0,-1.4031021381486464,-3.0225674060441494,-2.0937849158519515,-2.5157623697208606,-2.5157623697208606
24,1.0,0.0,none,-0.0005043644728874742,-0.002521249668760784,-0.0013843406213705123,-0.0015169939220239885,4766.0,749.0,997.0,1185.0,-1.4033543041377128,-3.0225674060441494,-2.0937849158519515,-2.5157623697208606,-2.5157623697208606
96,2.0,3.0,stoch<=-0.6,6.95103795445322e-05,-0.0020629831274219003,-0.0012102259791071956,-0.0016199108446321446,4731.0,828.0,1043.0,1232.0,0.1786011124400618,-2.5540163440503085,-1.8318102869560275,-2.5792253306695203,-2.5792253306695203
24,0.0,1.5,stoch<=-0.6,-0.00042157974466150753,-0.0015332935137660742,-0.0014883584435617298,-0.0014012884477664607,5974.0,1101.0,1407.0,1589.0,-1.3475250779087056,-2.6280306909582416,-2.832172137740829,-2.8205558262399406,-2.8205558262399406
96,1.0,0.0,wt<=-1,-0.00034001665315266596,-0.0035762910924104765,-0.0010046611701753458,-0.002087526521172916,4548.0,707.0,955.0,1125.0,-0.8457073986499954,-3.514915696632881,-1.3167767793292349,-2.8762563715596072,-2.8762563715596072
6,2.0,0.0,wt<=-1,-0.0005642411782699114,-0.0019266245291024273,-0.0012036961091695566,-0.0013073252366952535,5746.0,1006.0,1286.0,1500.0,-1.8946125714044424,-3.224222997987723,-2.5729114692643904,-2.9443366714624752,-2.9443366714624752
6,2.0,0.0,none,-0.000565285005494466,-0.0019266245291024273,-0.0012036961091695566,-0.0013073252366952535,5745.0,1006.0,1286.0,1500.0,-1.8979109757794363,-3.224222997987723,-2.5729114692643904,-2.9443366714624752,-2.9443366714624752
6,2.0,0.0,rsi<=-0.2,-0.0005626273245293387,-0.0019266245291024273,-0.0012036961091695566,-0.0013073252366952535,5745.0,1006.0,1286.0,1500.0,-1.8889116920813576,-3.224222997987723,-2.5729114692643904,-2.9443366714624752,-2.9443366714624752
24,0.0,1.5,rsi<=-0.2,-0.0007962360495423797,-0.0023350586214061593,-0.0009316642404905796,-0.0016226947364529497,5868.0,1089.0,1402.0,1569.0,-2.266094452335146,-3.6507498343682045,-1.554782872433762,-2.9997067254260252,-2.9997067254260252
96,0.0,3.0,wt<=-1,-0.00018169599840615265,-0.0029350463425676498,0.00021043704823940024,-0.00269637657657837,4015.0,739.0,950.0,1070.0,-0.3051960070680171,-2.6198764664882743,0.20268034654991424,-3.002215957860715,-3.002215957860715
96,0.0,1.5,stoch<=-0.6,-0.0003696026155003314,-0.0015502898886513856,-0.0014315972312283125,-0.0015193434679938124,5963.0,1100.0,1406.0,1588.0,-1.1695454295515655,-2.643853575434055,-2.705698152060158,-3.035048128383042,-3.035048128383042
6,2.0,0.0,stoch<=-0.6,-0.0005466421239817624,-0.0019235304018648818,-0.0012537116415026006,-0.001341811629216902,5786.0,1008.0,1287.0,1506.0,-1.8569379994079491,-3.2303632921969347,-2.6907477980980867,-3.042380949763146,-3.042380949763146
96,0.0,3.0,rsi<=-0.2,-0.00020580991125128214,-0.0034524157738996387,-0.0001343204012940052,-0.0027813024252908215,3992.0,734.0,953.0,1066.0,-0.3338737421331812,-3.0043169992655256,-0.1302792672772122,-3.0481439703884043,-3.0481439703884043
96,1.0,0.0,none,-0.0008850960725224147,-0.003423207697273291,-0.0011057750837584648,-0.0024006468686371247,4511.0,704.0,950.0,1118.0,-2.082130682996172,-3.2736133851744422,-1.3651253084003716,-3.09811055265045,-3.09811055265045
24,0.0,1.5,wt<=-1,-0.0007598139091812506,-0.0021275930683009006,-0.00101583779847839,-0.001697122436041278,5868.0,1089.0,1402.0,1569.0,-2.1568826954110545,-3.2777362455203076,-1.6947458655013286,-3.1552205464425938,-3.1552205464425938
96,2.0,3.0,wt<=-1,-5.182872408715453e-05,-0.0026960804453295983,-0.0011483063681109469,-0.002204448537318821,4608.0,821.0,1037.0,1212.0,-0.12033515961780186,-3.0722233332513738,-1.615259106216685,-3.1702672171554425,-3.1702672171554425
96,1.0,0.0,rsi<=-0.2,-0.0004846949637160282,-0.0035294801105609608,-0.0012646747839908155,-0.002358511497006683,4530.0,706.0,954.0,1120.0,-1.1842803449616879,-3.444675203015398,-1.5998482687444608,-3.173763299477373,-3.173763299477373
24,0.0,1.5,none,-0.0010645008621382548,-0.0020446979308153595,-0.001149817083344229,-0.0017536403606353795,5866.0,1089.0,1402.0,1569.0,-3.0465702022720897,-3.0038764860743528,-1.8986357827692963,-3.211158723847756,-3.211158723847756
24,1.0,3.0,wt<=-1,-0.0005793964625893401,-0.0026015503744873346,-0.00126005133517597,-0.0014048139194651724,6249.0,1021.0,1350.0,1600.0,-2.198907320141669,-4.526241125642556,-2.8236659177949055,-3.227428787275975,-3.227428787275975
24,1.0,3.0,rsi<=-0.2,-0.0005798183641433775,-0.0026015503744873346,-0.001265173138050582,-0.0014082025553359162,6248.0,1021.0,1350.0,1600.0,-2.2004255995947473,-4.526241125642556,-2.835229451866227,-3.235351446354896,-3.235351446354896
24,1.0,3.0,none,-0.0005798183641433775,-0.0026015503744873346,-0.001265173138050582,-0.0014082025553359162,6248.0,1021.0,1350.0,1600.0,-2.2004255995947473,-4.526241125642556,-2.835229451866227,-3.235351446354896,-3.235351446354896
6,2.0,3.0,rsi<=-0.2,-0.0005825046927381207,-0.001982584346276269,-0.0010837598567394505,-0.0013997988479269982,6135.0,1067.0,1348.0,1607.0,-2.112783004979778,-3.5000918636132092,-2.456990752147024,-3.2438687054845152,-3.2438687054845152
6,2.0,3.0,wt<=-1,-0.000584012731562293,-0.001982584346276269,-0.0010837598567394505,-0.0013997988479269982,6136.0,1067.0,1348.0,1607.0,-2.118544313749853,-3.5000918636132092,-2.456990752147024,-3.2438687054845152,-3.2438687054845152
6,2.0,3.0,none,-0.0005849934257690346,-0.001982584346276269,-0.0010837598567394505,-0.0013997988479269982,6135.0,1067.0,1348.0,1607.0,-2.1218977212243195,-3.5000918636132092,-2.456990752147024,-3.2438687054845152,-3.2438687054845152
24,1.0,3.0,stoch<=-0.6,-0.0004977822275738163,-0.0025738251833588334,-0.001380474226980866,-0.0013872088955229304,6324.0,1023.0,1351.0,1610.0,-1.9377154749325989,-4.549792342173246,-3.1405841164881814,-3.2725375525291325,-3.2725375525291325
96,1.0,3.0,stoch<=-0.6,-0.0004929425138631197,-0.002536081901876685,-0.001358126687871989,-0.0014147295435986765,6315.0,1021.0,1351.0,1610.0,-1.9103762982544332,-4.455540317205753,-3.0832376586914285,-3.3013510884934925,-3.3013510884934925
6,2.0,3.0,stoch<=-0.6,-0.0005601774995951399,-0.0019776056835087296,-0.001126877449332781,-0.0014285912160062386,6177.0,1069.0,1349.0,1613.0,-2.0554085521736734,-3.500937559488427,-2.564204126401383,-3.3304814753535954,-3.3304814753535954
24,2.0,1.5,wt<=-1,-0.0003410222758558018,-0.001728656468643093,-0.0011899883070724507,-0.001428031135557998,6514.0,1173.0,1507.0,1735.0,-1.2542406131645425,-3.323121399674172,-2.7466136407409287,-3.379527020370146,-3.379527020370146
24,2.0,1.5,stoch<=-0.6,-0.00021288124573498333,-0.0015941651408793963,-0.0013507386171415425,-0.0013808415924905246,6589.0,1176.0,1508.0,1747.0,-0.818080140719154,-3.145398493453878,-3.1997034948157115,-3.387055110091683,-3.387055110091683
6,0.0,0.0,stoch<=-0.6,-0.0010345367766080719,-0.0019785639291201754,-0.0009671272198650642,-0.0013088390663481707,5576.0,987.0,1257.0,1460.0,-3.4027853028771227,-3.2012582081753456,-1.8359616746820038,-2.7158360862172413,-3.4027853028771227
24,2.0,1.5,rsi<=-0.2,-0.0003511008622545547,-0.0017334928966558408,-0.0011892262296579995,-0.0014619453318857436,6513.0,1173.0,1507.0,1735.0,-1.2901550683080856,-3.332108710598513,-2.7419407613701456,-3.464338401005723,-3.464338401005723
24,2.0,1.5,none,-0.00035979512873947697,-0.0017412181284582615,-0.0011892262296579995,-0.0014625822817733573,6513.0,1173.0,1507.0,1735.0,-1.3223201409040235,-3.348127361393825,-2.7419407613701456,-3.4659408256242226,-3.4659408256242226
6,0.0,3.0,stoch<=-0.6,-0.0010050361898414884,-0.002161347022787413,-0.001033001067069591,-0.0013776692983827649,5899.0,1040.0,1307.0,1542.0,-3.493427568849374,-3.7110768861168095,-2.0629093660049613,-2.8808986483953074,-3.493427568849374
96,2.0,3.0,none,-0.0002893780836062723,-0.0026694392223233186,-0.0011973847247491308,-0.0025537342828432503,4595.0,821.0,1036.0,1211.0,-0.6536106465983795,-2.9573958555999935,-1.6453222475125697,-3.5721396889052177,-3.5721396889052177
96,1.0,3.0,wt<=-1,-0.0006698781003665069,-0.0027106769555738687,-0.0013056259070835135,-0.001631739100226618,6226.0,1019.0,1350.0,1599.0,-2.4790503770928605,-4.560385727312805,-2.873719446559688,-3.5910565745501897,-3.5910565745501897
96,2.0,1.5,stoch<=-0.6,-0.00021425114735859196,-0.0015750000778042151,-0.0013295675967728282,-0.0014789418792184204,6584.0,1175.0,1508.0,1746.0,-0.8211403129773411,-3.101733498918947,-3.145767914097987,-3.6057656761910666,-3.6057656761910666
96,1.0,3.0,none,-0.0007404062026364813,-0.0026505797226809573,-0.0013013797729344084,-0.0016614550519006605,6223.0,1019.0,1350.0,1599.0,-2.714470487776096,-4.423917210498117,-2.85212264865234,-3.6201500917264546,-3.6201500917264546
96,2.0,3.0,rsi<=-0.2,-0.00012675521142230058,-0.002705193705852501,-0.0012469567543662496,-0.002550072727086198,4600.0,821.0,1036.0,1212.0,-0.29069455169370656,-3.0508112085571324,-1.733278462109188,-3.6330247040478585,-3.6330247040478585
6,1.0,0.0,rsi<=-0.2,-0.0006441475582807651,-0.002122975886203606,-0.0011223704090131403,-0.0013135046852673909,6718.0,1114.0,1472.0,1734.0,-2.7414101440529883,-4.448305188487525,-3.1047535245030087,-3.658713374438889,-3.658713374438889
6,1.0,0.0,wt<=-1,-0.0006459252531213446,-0.002122975886203606,-0.0011223704090131403,-0.0013135046852673909,6718.0,1114.0,1472.0,1734.0,-2.7490445747013816,-4.448305188487525,-3.1047535245030087,-3.658713374438889,-3.658713374438889
6,1.0,0.0,none,-0.0006441475582807651,-0.002122975886203606,-0.0011223704090131403,-0.0013135046852673909,6718.0,1114.0,1472.0,1734.0,-2.7414101440529883,-4.448305188487525,-3.1047535245030087,-3.658713374438889,-3.658713374438889
6,1.0,0.0,stoch<=-0.6,-0.0006299353110813049,-0.00213541860184645,-0.0011270725100434008,-0.0013174093411629283,6755.0,1115.0,1473.0,1738.0,-2.6966223782414516,-4.481950387888425,-3.1204889932347433,-3.6809128508860685,-3.6809128508860685
6,0.0,0.0,wt<=-1,-0.0011408534114451005,-0.0020084562702529173,-0.0008134585651766415,-0.0013367074351878084,5533.0,983.0,1256.0,1451.0,-3.7212437099703717,-3.227623555965165,-1.4819330480307953,-2.7445504698922716,-3.7212437099703717
6,0.0,0.0,none,-0.0011420416615604732,-0.0020273895006762215,-0.0008134585651766415,-0.0013367074351878084,5532.0,983.0,1256.0,1451.0,-3.7246981917720765,-3.2634701912592603,-1.4819330480307953,-2.7445504698922716,-3.7246981917720765
96,1.0,3.0,rsi<=-0.2,-0.0007326128243885878,-0.0027022418136139173,-0.0013122594740233942,-0.0017042850056518787,6224.0,1019.0,1350.0,1599.0,-2.694218013586586,-4.530065044862408,-2.8798407125073227,-3.7283299772550667,-3.7283299772550667
6,0.0,0.0,rsi<=-0.2,-0.0011431154040056515,-0.001964533263436233,-0.0009552265740758234,-0.0013091436519312874,5532.0,983.0,1256.0,1451.0,-3.73261608141589,-3.1421078022236424,-1.7958504852166468,-2.676211504495581,-3.73261608141589
6,2.0,1.5,none,-0.0006100065599888832,-0.0016383242637750864,-0.0014095076566806378,-0.0012953130613997318,7418.0,1299.0,1661.0,1942.0,-2.824179583687812,-3.8355158060586363,-3.9868671169422774,-3.8072342699831214,-3.8072342699831214
6,2.0,1.5,wt<=-1,-0.000605199813747137,-0.0016383242637750864,-0.0014095076566806378,-0.0012953130613997318,7419.0,1299.0,1661.0,1942.0,-2.802412605369298,-3.8355158060586363,-3.9868671169422774,-3.8072342699831214,-3.8072342699831214
6,2.0,1.5,rsi<=-0.2,-0.0006052746205392048,-0.0016383242637750864,-0.0014095076566806378,-0.0012953130613997318,7418.0,1299.0,1661.0,1942.0,-2.802353512901216,-3.8355158060586363,-3.9868671169422774,-3.8072342699831214,-3.8072342699831214
6,2.0,1.5,stoch<=-0.6,-0.0005687087908623343,-0.0016292669771911933,-0.0014460906699460842,-0.0012950906990678215,7456.0,1301.0,1662.0,1947.0,-2.661547787936974,-3.825430115917731,-4.105646272086682,-3.817774183866705,-3.817774183866705
6,0.0,3.0,wt<=-1,-0.0011328660778161044,-0.0022111123181585307,-0.0009091072479166558,-0.0014143507195765734,5856.0,1036.0,1306.0,1533.0,-3.9202439746829785,-3.7865966016528865,-1.7470287412341634,-2.935775202171105,-3.9202439746829785
6,0.0,3.0,none,-0.001133987412112366,-0.0022290769566779395,-0.0009091072479166558,-0.0014143507195765734,5855.0,1036.0,1306.0,1533.0,-3.923720764953391,-3.8238945687025225,-1.7470287412341634,-2.935775202171105,-3.923720764953391
6,0.0,3.0,rsi<=-0.2,-0.0011350019199188094,-0.002169436337752352,-0.0010360910118174717,-0.001388261320029795,5855.0,1036.0,1306.0,1533.0,-3.9319049374417574,-3.697176633008929,-2.053316814136581,-2.870070743428032,-3.9319049374417574
96,2.0,1.5,wt<=-1,-0.000345675807109654,-0.002030794440769141,-0.0013005525234963523,-0.0017587018844703582,6492.0,1171.0,1507.0,1734.0,-1.2449951665758179,-3.8309734788641965,-2.973953566765119,-4.058932939745182,-4.058932939745182
6,0.0,1.5,stoch<=-0.6,-0.0009239796285834206,-0.00167536030927799,-0.0012759122094059296,-0.0012826883954679248,7085.0,1253.0,1605.0,1857.0,-4.088323107486955,-3.679351541923258,-3.1137347016331094,-3.3852819034598793,-4.088323107486955
96,0.0,1.5,wt<=-1,-0.00048237665270820207,-0.0025462637809900443,-0.001080592531881969,-0.002451428354764227,5795.0,1081.0,1393.0,1556.0,-1.2445493838445374,-3.6292821006870626,-1.6481999821024276,-4.251378125503057,-4.251378125503057
96,0.0,1.5,rsi<=-0.2,-0.0005357275311430062,-0.00308815244834479,-0.0012763235113847058,-0.0025007587853340535,5766.0,1078.0,1396.0,1551.0,-1.3367526694855785,-4.314580946482598,-1.9520943012087604,-4.312085490604257,-4.312085490604257
6,1.0,3.0,none,-0.0006674420317505799,-0.002288828804552882,-0.0011823401609475708,-0.0014671109250342755,7311.0,1203.0,1572.0,1895.0,-3.1547420222078015,-5.138133391259648,-3.5030448822706752,-4.34129602380372,-4.34129602380372
6,1.0,3.0,rsi<=-0.2,-0.0006674420317505799,-0.002288828804552882,-0.0011823401609475708,-0.0014671109250342755,7311.0,1203.0,1572.0,1895.0,-3.1547420222078015,-5.138133391259648,-3.5030448822706752,-4.34129602380372,-4.34129602380372
6,1.0,3.0,wt<=-1,-0.000669075536597935,-0.002288828804552882,-0.0011823401609475708,-0.0014671109250342755,7311.0,1203.0,1572.0,1895.0,-3.1625457539787107,-5.138133391259648,-3.5030448822706752,-4.34129602380372,-4.34129602380372
6,1.0,3.0,stoch<=-0.6,-0.0006463670299293961,-0.002299389930517133,-0.0011874599305128747,-0.0014709772550954338,7351.0,1204.0,1573.0,1899.0,-3.07378967027733,-5.170067463402564,-3.5212588343617104,-4.364684322085413,-4.364684322085413
6,0.0,1.5,wt<=-1,-0.0010143135865264088,-0.001703112981564523,-0.0011679804702842602,-0.0012706244631616535,7045.0,1248.0,1604.0,1850.0,-4.459857200855026,-3.7115954484554705,-2.72920850016162,-3.30103840481189,-4.459857200855026
6,0.0,1.5,none,-0.0010194879145462659,-0.0017180259346944171,-0.0011679804702842602,-0.0012706244631616535,7044.0,1248.0,1604.0,1850.0,-4.48183261591135,-3.7511378530861674,-2.72920850016162,-3.30103840481189,-4.48183261591135
6,0.0,1.5,rsi<=-0.2,-0.0010183087544780817,-0.0016685165747529834,-0.001265670506933978,-0.001246592864876381,7044.0,1248.0,1604.0,1850.0,-4.4884798074775745,-3.61674404413727,-3.0529317627715793,-3.223965147364761,-4.4884798074775745
96,2.0,1.5,rsi<=-0.2,-0.00041040418448838096,-0.002133199880624506,-0.001279428365800622,-0.0019535814661467573,6490.0,1171.0,1507.0,1733.0,-1.4714608644406957,-3.9982920748365394,-2.911917676848801,-4.4907116869618235,-4.4907116869618235
96,2.0,1.5,none,-0.00044167635074777024,-0.0021267646709609003,-0.001289828461504188,-0.001964418349796381,6487.0,1171.0,1507.0,1733.0,-1.5770927411639843,-3.960938438745417,-2.932294210236215,-4.49432696873835,-4.49432696873835
24,1.0,1.5,wt<=-1,-0.00079707693191873,-0.002024050600932821,-0.0013860023982352986,-0.00149479804273914,8691.0,1453.0,1964.0,2233.0,-4.649652664017693,-5.795168803662541,-5.0431636122236565,-5.373783639489877,-5.373783639489877
24,1.0,1.5,rsi<=-0.2,-0.0007973461844563331,-0.002024050600932821,-0.0013916896451954118,-0.001497324850222844,8690.0,1453.0,1964.0,2233.0,-4.650817534643718,-5.795168803662541,-5.064535614561585,-5.382800990997738,-5.382800990997738
24,1.0,1.5,none,-0.0007973461844563331,-0.002024050600932821,-0.0013916896451954118,-0.001497324850222844,8690.0,1453.0,1964.0,2233.0,-4.650817534643718,-5.795168803662541,-5.064535614561585,-5.382800990997738,-5.382800990997738
96,0.0,0.0,none,-0.005642024501251316,-0.003356271338416087,-0.0006389740913075582,-0.004666424130113393,2620.0,475.0,592.0,718.0,-5.386361630955158,-1.4149596503606516,-0.31659719284969257,-2.7820673953900967,-5.386361630955158
96,1.0,1.5,none,-0.0008153505495682936,-0.002038819387011632,-0.0013831000484972559,-0.0015351519746180011,8683.0,1452.0,1964.0,2233.0,-4.734455987813866,-5.7901806783007,-5.028190203098006,-5.476598440542193,-5.476598440542193
96,1.0,1.5,wt<=-1,-0.0008074981876430068,-0.0020595037430866654,-0.0013733421428875918,-0.0015332912795720795,8684.0,1452.0,1964.0,2233.0,-4.694175328379811,-5.855354456963582,-4.994206314368224,-5.477089113489258,-5.477089113489258
96,1.0,1.5,rsi<=-0.2,-0.0008170839191510898,-0.0020469385204199613,-0.0013831000484972559,-0.0015392913821508129,8683.0,1452.0,1964.0,2233.0,-4.745758870765113,-5.815988328828324,-5.028190203098006,-5.4926274170093405,-5.4926274170093405
96,0.0,3.0,none,-0.0038529778506855073,-0.0014888331102163232,-0.0010781602060420988,-0.004315710123709461,3878.0,725.0,929.0,1051.0,-5.537988206407872,-0.9863554485977384,-0.8659885054968891,-4.038700418963026,-5.537988206407872
6,1.0,1.5,rsi<=-0.2,-0.0007804095168888825,-0.001950801601502354,-0.0014155837918051887,-0.001420842003546418,9144.0,1524.0,2028.0,2349.0,-4.9329139900923105,-6.1196817279012805,-5.50063113862929,-5.62113552946269,-5.62113552946269
6,1.0,1.5,none,-0.0007804095168888825,-0.001950801601502354,-0.0014155837918051887,-0.001420842003546418,9144.0,1524.0,2028.0,2349.0,-4.9329139900923105,-6.1196817279012805,-5.50063113862929,-5.62113552946269,-5.62113552946269
6,1.0,1.5,wt<=-1,-0.0007803296780166354,-0.001950801601502354,-0.0014155837918051887,-0.001420842003546418,9145.0,1524.0,2028.0,2349.0,-4.93300828667957,-6.1196817279012805,-5.50063113862929,-5.62113552946269,-5.62113552946269
6,1.0,1.5,stoch<=-0.6,-0.0007561880540937827,-0.0019502998457977775,-0.001418305055702394,-0.0014179417487274278,9177.0,1525.0,2029.0,2353.0,-4.807075307479224,-6.124948877811034,-5.515050200702455,-5.623653560880328,-5.623653560880328
24,1.0,1.5,stoch<=-0.6,-0.0007003057543989809,-0.001996421507052781,-0.001398113002515444,-0.0015417175349630578,8741.0,1455.0,1965.0,2241.0,-4.148828497014246,-5.770729423552502,-5.107012236928989,-5.624632518129794,-5.624632518129794
96,1.0,1.5,stoch<=-0.6,-0.000710248626347514,-0.0019699510852354126,-0.0013891805424209253,-0.0015616155056985006,8739.0,1454.0,1965.0,2241.0,-4.203918448469241,-5.69013352124235,-5.073407108264429,-5.68370519273113,-5.68370519273113
96,0.0,1.5,none,-0.002950675971134469,-0.001835738557731637,-0.002110579345260799,-0.003264218785625077,5669.0,1070.0,1381.0,1548.0,-6.763289100128223,-1.9289158906263792,-2.7510631876088913,-4.841728159410978,-6.763289100128223
