symbol,first,last,qv90
BTCUSDT,2020-01-01,2026-09-28,899237816476.0404
ETHUSDT,2020-01-01,2026-09-28,703321268669.9493
SOLUSDT,2020-09-14,2026-09-28,150170830832.55545
XRPUSDT,2020-01-06,2026-09-28,80424330854.30373
DOGEUSDT,2020-07-10,2026-09-28,35706845274.53613
BNBUSDT,2020-02-10,2026-09-28,27774600807.656902
NEARUSDT,2020-10-15,2026-09-28,22365170820.940998
1000PEPEUSDT,2023-05-05,2026-09-28,19976371354.47928
SUIUSDT,2023-05-03,2026-09-28,19462109418.346107
ENAUSDT,2024-04-02,2026-09-28,19170869653.36629
UNIUSDT,2020-09-18,2026-09-28,18428035846.651
ADAUSDT,2020-01-31,2026-09-28,15855115907.657402
WLDUSDT,2023-07-24,2026-09-28,15006898300.754702
LINKUSDT,2020-01-17,2026-09-28,12673890987.484259
TAOUSDT,2024-04-11,2026-09-28,10371156054.39103
AVAXUSDT,2020-09-23,2026-09-28,9684189657.512
ARBUSDT,2023-03-23,2026-09-28,9460283089.2124
BCHUSDT,2020-01-01,2026-09-28,9299185346.20333
ONDOUSDT,2024-01-20,2026-09-28,9004984581.252531
AAVEUSDT,2020-10-16,2026-09-28,8694400017.435
FILUSDT,2020-10-16,2026-09-28,7358475214.914811
LTCUSDT,2020-01-09,2026-09-28,7115968756.56719
XLMUSDT,2020-01-20,2026-09-28,6111495915.459001
DOTUSDT,2020-08-22,2026-09-28,4669609952.963347
1000SHIBUSDT,2021-05-10,2026-09-28,4545165777.880899
INJUSDT,2022-08-17,2026-09-28,4053466444.0121
TRXUSDT,2020-01-15,2026-09-28,3649528230.8298497
HBARUSDT,2021-03-17,2026-09-28,3544335396.18441
FETUSDT,2023-01-17,2026-09-28,2995704345.0292
APTUSDT,2022-10-19,2026-09-28,2921714280.19863
ETCUSDT,2020-01-16,2026-09-28,2621986389.51024
OPUSDT,2022-06-01,2026-09-28,2559123897.533274
CRVUSDT,2020-09-01,2026-09-28,2365963039.58838
TIAUSDT,2023-10-31,2026-09-28,2197286777.6193004
ICPUSDT,2021-05-11,2026-09-28,2112683881.2580001
WIFUSDT,2024-01-18,2026-09-28,2098361090.85054
LDOUSDT,2022-09-22,2026-09-28,2050189887.0520003
ATOMUSDT,2020-02-07,2026-09-28,1603722158.03108
SEIUSDT,2023-08-17,2026-09-28,1566029815.51378
ORDIUSDT,2023-11-07,2026-09-28,1362903852.3616998
ALGOUSDT,2020-06-16,2026-09-28,1155991687.3533587
SANDUSDT,2021-01-25,2026-09-28,855355942.3487701
VETUSDT,2020-02-14,2026-09-28,713008013.3522949
RUNEUSDT,2020-09-04,2026-09-28,522514552.5138
TONUSDT,2024-03-01,2026-09-28,0.0
