config,q,trades,dir_hit,win_rate,avg_net,tstat
baseline:macd_cross,,26082,0.5129207882831072,0.48535388390460854,-0.0006104828651660695,-2.957709233394206
baseline:random_2pct,,15873,0.49965349965349964,0.4675864675864676,-0.0013642018262813083,-5.350804539513231
baseline:rsi_30_70_cross,,10604,0.506412674462467,0.47764994341757827,-0.003165436155114295,-8.807078455532489
logit_plus_corr2_real,0.005,1875,0.5930666666666666,0.5616,0.003955807325035262,3.948112462143096
logit_plus_corr2_real,0.01,3541,0.5718723524428128,0.5436317424456368,0.0014784402697560915,2.170357905346611
logit_plus_corr2_real,0.02,6316,0.561272957568081,0.5334072197593414,0.00115674838798748,2.3048844578931047
logit_plus_corr2_real,0.05,12994,0.5485608742496537,0.5185470217023241,0.0002764080947425007,0.8823458797511443
logit_plus_corr2_real,0.1,21804,0.542148229682627,0.5108695652173914,7.258050078185294e-05,0.3151265810473869
logit_plus_corr2_shuffled,0.005,2712,0.48783185840707965,0.45427728613569324,-0.0038447221214453087,-5.171094740930754
logit_plus_corr2_shuffled,0.01,4825,0.48580310880829014,0.45575129533678754,-0.0033487541968374394,-6.102076283702694
logit_plus_corr2_shuffled,0.02,8698,0.4835594389514831,0.4540124166475052,-0.003345092037134981,-8.354222303920153
logit_plus_corr2_shuffled,0.05,17295,0.4908933217692975,0.4593235039028621,-0.0025446174230135984,-9.639862919247788
logit_plus_corr2_shuffled,0.1,27290,0.4888603884206669,0.45756687431293513,-0.0025163567825754658,-12.098020112985733
